# NCBI taxid / display name / STRING 		
9606	node_id_0	node_name_0
9606	node_id_1	node_name_1
9606	node_id_2	node_name_2
9606	node_id_3	node_name_3
9606	node_id_4	node_name_4
9606	node_id_5	node_name_5
9606	node_id_6	node_name_6
9606	node_id_7	node_name_7
9606	node_id_8	node_name_8
9606	node_id_9	node_name_9
9606	node_id_10	node_name_10
9606	node_id_11	node_name_11
9606	node_id_12	node_name_12
9606	node_id_13	node_name_13
9606	node_id_14	node_name_14
9606	node_id_15	node_name_15
9606	node_id_16	node_name_16
9606	node_id_17	node_name_17
9606	node_id_18	node_name_18
9606	node_id_19	node_name_19
9606	node_id_20	node_name_20
9606	node_id_21	node_name_21
9606	node_id_22	node_name_22
9606	node_id_23	node_name_23
9606	node_id_24	node_name_24
9606	node_id_25	node_name_25
9606	node_id_26	node_name_26
9606	node_id_27	node_name_27
9606	node_id_28	node_name_28
9606	node_id_29	node_name_29
9606	node_id_30	node_name_30
9606	node_id_31	node_name_31
9606	node_id_32	node_name_32
9606	node_id_33	node_name_33
9606	node_id_34	node_name_34
9606	node_id_35	node_name_35
9606	node_id_36	node_name_36
9606	node_id_37	node_name_37
9606	node_id_38	node_name_38
9606	node_id_39	node_name_39
9606	node_id_40	node_name_40
9606	node_id_41	node_name_41
9606	node_id_42	node_name_42
9606	node_id_43	node_name_43
9606	node_id_44	node_name_44
9606	node_id_45	node_name_45
9606	node_id_46	node_name_46
9606	node_id_47	node_name_47
9606	node_id_48	node_name_48
9606	node_id_49	node_name_49
9606	node_id_50	node_name_50
9606	node_id_51	node_name_51
9606	node_id_52	node_name_52
9606	node_id_53	node_name_53
9606	node_id_54	node_name_54
9606	node_id_55	node_name_55
9606	node_id_56	node_name_56
9606	node_id_57	node_name_57
9606	node_id_58	node_name_58
9606	node_id_59	node_name_59
9606	node_id_60	node_name_60
9606	node_id_61	node_name_61
9606	node_id_62	node_name_62
9606	node_id_63	node_name_63
9606	node_id_64	node_name_64
9606	node_id_65	node_name_65
9606	node_id_66	node_name_66
9606	node_id_67	node_name_67
9606	node_id_68	node_name_68
9606	node_id_69	node_name_69
9606	node_id_70	node_name_70
9606	node_id_71	node_name_71
9606	node_id_72	node_name_72
9606	node_id_73	node_name_73
9606	node_id_74	node_name_74
9606	node_id_75	node_name_75
9606	node_id_76	node_name_76
9606	node_id_77	node_name_77
9606	node_id_78	node_name_78
9606	node_id_79	node_name_79
9606	node_id_80	node_name_80
9606	node_id_81	node_name_81
9606	node_id_82	node_name_82
9606	node_id_83	node_name_83
9606	node_id_84	node_name_84
9606	node_id_85	node_name_85
9606	node_id_86	node_name_86
9606	node_id_87	node_name_87
9606	node_id_88	node_name_88
9606	node_id_89	node_name_89
9606	node_id_90	node_name_90
9606	node_id_91	node_name_91
9606	node_id_92	node_name_92
9606	node_id_93	node_name_93
9606	node_id_94	node_name_94
9606	node_id_95	node_name_95
9606	node_id_96	node_name_96
9606	node_id_97	node_name_97
9606	node_id_98	node_name_98
9606	node_id_99	node_name_99
9606	node_id_100	node_name_100
9606	node_id_101	node_name_101
9606	node_id_102	node_name_102
9606	node_id_103	node_name_103
9606	node_id_104	node_name_104
9606	node_id_105	node_name_105
9606	node_id_106	node_name_106
9606	node_id_107	node_name_107
9606	node_id_108	node_name_108
9606	node_id_109	node_name_109
9606	node_id_110	node_name_110
9606	node_id_111	node_name_111
9606	node_id_112	node_name_112
9606	node_id_113	node_name_113
9606	node_id_114	node_name_114
9606	node_id_115	node_name_115
9606	node_id_116	node_name_116
9606	node_id_117	node_name_117
9606	node_id_118	node_name_118
9606	node_id_119	node_name_119
9606	node_id_120	node_name_120
9606	node_id_121	node_name_121
9606	node_id_122	node_name_122
9606	node_id_123	node_name_123
9606	node_id_124	node_name_124
9606	node_id_125	node_name_125
9606	node_id_126	node_name_126
9606	node_id_127	node_name_127
9606	node_id_128	node_name_128
9606	node_id_129	node_name_129
9606	node_id_130	node_name_130
9606	node_id_131	node_name_131
9606	node_id_132	node_name_132
9606	node_id_133	node_name_133
9606	node_id_134	node_name_134
9606	node_id_135	node_name_135
9606	node_id_136	node_name_136
9606	node_id_137	node_name_137
9606	node_id_138	node_name_138
9606	node_id_139	node_name_139
9606	node_id_140	node_name_140
9606	node_id_141	node_name_141
9606	node_id_142	node_name_142
9606	node_id_143	node_name_143
9606	node_id_144	node_name_144
9606	node_id_145	node_name_145
9606	node_id_146	node_name_146
9606	node_id_147	node_name_147
9606	node_id_148	node_name_148
9606	node_id_149	node_name_149
9606	node_id_150	node_name_150
9606	node_id_151	node_name_151
9606	node_id_152	node_name_152
9606	node_id_153	node_name_153
9606	node_id_154	node_name_154
9606	node_id_155	node_name_155
9606	node_id_156	node_name_156
9606	node_id_157	node_name_157
9606	node_id_158	node_name_158
9606	node_id_159	node_name_159
9606	node_id_160	node_name_160
9606	node_id_161	node_name_161
9606	node_id_162	node_name_162
9606	node_id_163	node_name_163
9606	node_id_164	node_name_164
9606	node_id_165	node_name_165
9606	node_id_166	node_name_166
9606	node_id_167	node_name_167
9606	node_id_168	node_name_168
9606	node_id_169	node_name_169
9606	node_id_170	node_name_170
9606	node_id_171	node_name_171
9606	node_id_172	node_name_172
9606	node_id_173	node_name_173
9606	node_id_174	node_name_174
9606	node_id_175	node_name_175
9606	node_id_176	node_name_176
9606	node_id_177	node_name_177
9606	node_id_178	node_name_178
9606	node_id_179	node_name_179
9606	node_id_180	node_name_180
9606	node_id_181	node_name_181
9606	node_id_182	node_name_182
9606	node_id_183	node_name_183
9606	node_id_184	node_name_184
9606	node_id_185	node_name_185
9606	node_id_186	node_name_186
9606	node_id_187	node_name_187
9606	node_id_188	node_name_188
9606	node_id_189	node_name_189
9606	node_id_190	node_name_190
9606	node_id_191	node_name_191
9606	node_id_192	node_name_192
9606	node_id_193	node_name_193
9606	node_id_194	node_name_194
9606	node_id_195	node_name_195
9606	node_id_196	node_name_196
9606	node_id_197	node_name_197
9606	node_id_198	node_name_198
9606	node_id_199	node_name_199
9606	node_id_200	node_name_200
9606	node_id_201	node_name_201
9606	node_id_202	node_name_202
9606	node_id_203	node_name_203
9606	node_id_204	node_name_204
9606	node_id_205	node_name_205
9606	node_id_206	node_name_206
9606	node_id_207	node_name_207
9606	node_id_208	node_name_208
9606	node_id_209	node_name_209
9606	node_id_210	node_name_210
9606	node_id_211	node_name_211
9606	node_id_212	node_name_212
9606	node_id_213	node_name_213
9606	node_id_214	node_name_214
9606	node_id_215	node_name_215
9606	node_id_216	node_name_216
9606	node_id_217	node_name_217
9606	node_id_218	node_name_218
9606	node_id_219	node_name_219
9606	node_id_220	node_name_220
9606	node_id_221	node_name_221
9606	node_id_222	node_name_222
9606	node_id_223	node_name_223
9606	node_id_224	node_name_224
9606	node_id_225	node_name_225
9606	node_id_226	node_name_226
9606	node_id_227	node_name_227
9606	node_id_228	node_name_228
9606	node_id_229	node_name_229
9606	node_id_230	node_name_230
9606	node_id_231	node_name_231
9606	node_id_232	node_name_232
9606	node_id_233	node_name_233
9606	node_id_234	node_name_234
9606	node_id_235	node_name_235
9606	node_id_236	node_name_236
9606	node_id_237	node_name_237
9606	node_id_238	node_name_238
9606	node_id_239	node_name_239
9606	node_id_240	node_name_240
9606	node_id_241	node_name_241
9606	node_id_242	node_name_242
9606	node_id_243	node_name_243
9606	node_id_244	node_name_244
9606	node_id_245	node_name_245
9606	node_id_246	node_name_246
9606	node_id_247	node_name_247
9606	node_id_248	node_name_248
9606	node_id_249	node_name_249
9606	node_id_250	node_name_250
9606	node_id_251	node_name_251
9606	node_id_252	node_name_252
9606	node_id_253	node_name_253
9606	node_id_254	node_name_254
9606	node_id_255	node_name_255
9606	node_id_256	node_name_256
9606	node_id_257	node_name_257
9606	node_id_258	node_name_258
9606	node_id_259	node_name_259
9606	node_id_260	node_name_260
9606	node_id_261	node_name_261
9606	node_id_262	node_name_262
9606	node_id_263	node_name_263
9606	node_id_264	node_name_264
9606	node_id_265	node_name_265
9606	node_id_266	node_name_266
9606	node_id_267	node_name_267
9606	node_id_268	node_name_268
9606	node_id_269	node_name_269
9606	node_id_270	node_name_270
9606	node_id_271	node_name_271
9606	node_id_272	node_name_272
9606	node_id_273	node_name_273
9606	node_id_274	node_name_274
9606	node_id_275	node_name_275
9606	node_id_276	node_name_276
9606	node_id_277	node_name_277
9606	node_id_278	node_name_278
9606	node_id_279	node_name_279
9606	node_id_280	node_name_280
9606	node_id_281	node_name_281
9606	node_id_282	node_name_282
9606	node_id_283	node_name_283
9606	node_id_284	node_name_284
9606	node_id_285	node_name_285
9606	node_id_286	node_name_286
9606	node_id_287	node_name_287
9606	node_id_288	node_name_288
9606	node_id_289	node_name_289
9606	node_id_290	node_name_290
9606	node_id_291	node_name_291
9606	node_id_292	node_name_292
9606	node_id_293	node_name_293
9606	node_id_294	node_name_294
9606	node_id_295	node_name_295
9606	node_id_296	node_name_296
9606	node_id_297	node_name_297
9606	node_id_298	node_name_298
9606	node_id_299	node_name_299
9606	node_id_300	node_name_300
9606	node_id_301	node_name_301
9606	node_id_302	node_name_302
9606	node_id_303	node_name_303
9606	node_id_304	node_name_304
9606	node_id_305	node_name_305
9606	node_id_306	node_name_306
9606	node_id_307	node_name_307
9606	node_id_308	node_name_308
9606	node_id_309	node_name_309
9606	node_id_310	node_name_310
9606	node_id_311	node_name_311
9606	node_id_312	node_name_312
9606	node_id_313	node_name_313
9606	node_id_314	node_name_314
9606	node_id_315	node_name_315
9606	node_id_316	node_name_316
9606	node_id_317	node_name_317
9606	node_id_318	node_name_318
9606	node_id_319	node_name_319
9606	node_id_320	node_name_320
9606	node_id_321	node_name_321
9606	node_id_322	node_name_322
9606	node_id_323	node_name_323
9606	node_id_324	node_name_324
9606	node_id_325	node_name_325
9606	node_id_326	node_name_326
9606	node_id_327	node_name_327
9606	node_id_328	node_name_328
9606	node_id_329	node_name_329
9606	node_id_330	node_name_330
9606	node_id_331	node_name_331
9606	node_id_332	node_name_332
9606	node_id_333	node_name_333
9606	node_id_334	node_name_334
9606	node_id_335	node_name_335
9606	node_id_336	node_name_336
9606	node_id_337	node_name_337
9606	node_id_338	node_name_338
9606	node_id_339	node_name_339
9606	node_id_340	node_name_340
9606	node_id_341	node_name_341
9606	node_id_342	node_name_342
9606	node_id_343	node_name_343
9606	node_id_344	node_name_344
9606	node_id_345	node_name_345
9606	node_id_346	node_name_346
9606	node_id_347	node_name_347
9606	node_id_348	node_name_348
9606	node_id_349	node_name_349
9606	node_id_350	node_name_350
9606	node_id_351	node_name_351
9606	node_id_352	node_name_352
9606	node_id_353	node_name_353
9606	node_id_354	node_name_354
9606	node_id_355	node_name_355
9606	node_id_356	node_name_356
9606	node_id_357	node_name_357
9606	node_id_358	node_name_358
9606	node_id_359	node_name_359
9606	node_id_360	node_name_360
9606	node_id_361	node_name_361
9606	node_id_362	node_name_362
9606	node_id_363	node_name_363
9606	node_id_364	node_name_364
9606	node_id_365	node_name_365
9606	node_id_366	node_name_366
9606	node_id_367	node_name_367
9606	node_id_368	node_name_368
9606	node_id_369	node_name_369
9606	node_id_370	node_name_370
9606	node_id_371	node_name_371
9606	node_id_372	node_name_372
9606	node_id_373	node_name_373
9606	node_id_374	node_name_374
9606	node_id_375	node_name_375
9606	node_id_376	node_name_376
9606	node_id_377	node_name_377
9606	node_id_378	node_name_378
9606	node_id_379	node_name_379
9606	node_id_380	node_name_380
9606	node_id_381	node_name_381
9606	node_id_382	node_name_382
9606	node_id_383	node_name_383
9606	node_id_384	node_name_384
9606	node_id_385	node_name_385
9606	node_id_386	node_name_386
9606	node_id_387	node_name_387
9606	node_id_388	node_name_388
9606	node_id_389	node_name_389
9606	node_id_390	node_name_390
9606	node_id_391	node_name_391
9606	node_id_392	node_name_392
9606	node_id_393	node_name_393
9606	node_id_394	node_name_394
9606	node_id_395	node_name_395
9606	node_id_396	node_name_396
9606	node_id_397	node_name_397
9606	node_id_398	node_name_398
9606	node_id_399	node_name_399
9606	node_id_400	node_name_400
9606	node_id_401	node_name_401
9606	node_id_402	node_name_402
9606	node_id_403	node_name_403
9606	node_id_404	node_name_404
9606	node_id_405	node_name_405
9606	node_id_406	node_name_406
9606	node_id_407	node_name_407
9606	node_id_408	node_name_408
9606	node_id_409	node_name_409
9606	node_id_410	node_name_410
9606	node_id_411	node_name_411
9606	node_id_412	node_name_412
9606	node_id_413	node_name_413
9606	node_id_414	node_name_414
9606	node_id_415	node_name_415
9606	node_id_416	node_name_416
9606	node_id_417	node_name_417
9606	node_id_418	node_name_418
9606	node_id_419	node_name_419
9606	node_id_420	node_name_420
9606	node_id_421	node_name_421
9606	node_id_422	node_name_422
9606	node_id_423	node_name_423
9606	node_id_424	node_name_424
9606	node_id_425	node_name_425
9606	node_id_426	node_name_426
9606	node_id_427	node_name_427
9606	node_id_428	node_name_428
9606	node_id_429	node_name_429
9606	node_id_430	node_name_430
9606	node_id_431	node_name_431
9606	node_id_432	node_name_432
9606	node_id_433	node_name_433
9606	node_id_434	node_name_434
9606	node_id_435	node_name_435
9606	node_id_436	node_name_436
9606	node_id_437	node_name_437
9606	node_id_438	node_name_438
9606	node_id_439	node_name_439
9606	node_id_440	node_name_440
9606	node_id_441	node_name_441
9606	node_id_442	node_name_442
9606	node_id_443	node_name_443
9606	node_id_444	node_name_444
9606	node_id_445	node_name_445
9606	node_id_446	node_name_446
9606	node_id_447	node_name_447
9606	node_id_448	node_name_448
9606	node_id_449	node_name_449
9606	node_id_450	node_name_450
9606	node_id_451	node_name_451
9606	node_id_452	node_name_452
9606	node_id_453	node_name_453
9606	node_id_454	node_name_454
9606	node_id_455	node_name_455
9606	node_id_456	node_name_456
9606	node_id_457	node_name_457
9606	node_id_458	node_name_458
9606	node_id_459	node_name_459
9606	node_id_460	node_name_460
9606	node_id_461	node_name_461
9606	node_id_462	node_name_462
9606	node_id_463	node_name_463
9606	node_id_464	node_name_464
9606	node_id_465	node_name_465
9606	node_id_466	node_name_466
9606	node_id_467	node_name_467
9606	node_id_468	node_name_468
9606	node_id_469	node_name_469
9606	node_id_470	node_name_470
9606	node_id_471	node_name_471
9606	node_id_472	node_name_472
9606	node_id_473	node_name_473
9606	node_id_474	node_name_474
9606	node_id_475	node_name_475
9606	node_id_476	node_name_476
9606	node_id_477	node_name_477
9606	node_id_478	node_name_478
9606	node_id_479	node_name_479
9606	node_id_480	node_name_480
9606	node_id_481	node_name_481
9606	node_id_482	node_name_482
9606	node_id_483	node_name_483
9606	node_id_484	node_name_484
9606	node_id_485	node_name_485
9606	node_id_486	node_name_486
9606	node_id_487	node_name_487
9606	node_id_488	node_name_488
9606	node_id_489	node_name_489
9606	node_id_490	node_name_490
9606	node_id_491	node_name_491
9606	node_id_492	node_name_492
9606	node_id_493	node_name_493
9606	node_id_494	node_name_494
9606	node_id_495	node_name_495
9606	node_id_496	node_name_496
9606	node_id_497	node_name_497
9606	node_id_498	node_name_498
9606	node_id_499	node_name_499
9606	node_id_500	node_name_500
9606	node_id_501	node_name_501
9606	node_id_502	node_name_502
9606	node_id_503	node_name_503
9606	node_id_504	node_name_504
9606	node_id_505	node_name_505
9606	node_id_506	node_name_506
9606	node_id_507	node_name_507
9606	node_id_508	node_name_508
9606	node_id_509	node_name_509
9606	node_id_510	node_name_510
9606	node_id_511	node_name_511
9606	node_id_512	node_name_512
9606	node_id_513	node_name_513
9606	node_id_514	node_name_514
9606	node_id_515	node_name_515
9606	node_id_516	node_name_516
9606	node_id_517	node_name_517
9606	node_id_518	node_name_518
9606	node_id_519	node_name_519
9606	node_id_520	node_name_520
9606	node_id_521	node_name_521
9606	node_id_522	node_name_522
9606	node_id_523	node_name_523
9606	node_id_524	node_name_524
9606	node_id_525	node_name_525
9606	node_id_526	node_name_526
9606	node_id_527	node_name_527
9606	node_id_528	node_name_528
9606	node_id_529	node_name_529
9606	node_id_530	node_name_530
9606	node_id_531	node_name_531
9606	node_id_532	node_name_532
9606	node_id_533	node_name_533
9606	node_id_534	node_name_534
9606	node_id_535	node_name_535
9606	node_id_536	node_name_536
9606	node_id_537	node_name_537
9606	node_id_538	node_name_538
9606	node_id_539	node_name_539
9606	node_id_540	node_name_540
9606	node_id_541	node_name_541
9606	node_id_542	node_name_542
9606	node_id_543	node_name_543
9606	node_id_544	node_name_544
9606	node_id_545	node_name_545
9606	node_id_546	node_name_546
9606	node_id_547	node_name_547
9606	node_id_548	node_name_548
9606	node_id_549	node_name_549
9606	node_id_550	node_name_550
9606	node_id_551	node_name_551
9606	node_id_552	node_name_552
9606	node_id_553	node_name_553
9606	node_id_554	node_name_554
9606	node_id_555	node_name_555
9606	node_id_556	node_name_556
9606	node_id_557	node_name_557
9606	node_id_558	node_name_558
9606	node_id_559	node_name_559
9606	node_id_560	node_name_560
9606	node_id_561	node_name_561
9606	node_id_562	node_name_562
9606	node_id_563	node_name_563
9606	node_id_564	node_name_564
9606	node_id_565	node_name_565
9606	node_id_566	node_name_566
9606	node_id_567	node_name_567
9606	node_id_568	node_name_568
9606	node_id_569	node_name_569
9606	node_id_570	node_name_570
9606	node_id_571	node_name_571
9606	node_id_572	node_name_572
9606	node_id_573	node_name_573
9606	node_id_574	node_name_574
9606	node_id_575	node_name_575
9606	node_id_576	node_name_576
9606	node_id_577	node_name_577
9606	node_id_578	node_name_578
9606	node_id_579	node_name_579
9606	node_id_580	node_name_580
9606	node_id_581	node_name_581
9606	node_id_582	node_name_582
9606	node_id_583	node_name_583
9606	node_id_584	node_name_584
9606	node_id_585	node_name_585
9606	node_id_586	node_name_586
9606	node_id_587	node_name_587
9606	node_id_588	node_name_588
9606	node_id_589	node_name_589
9606	node_id_590	node_name_590
9606	node_id_591	node_name_591
9606	node_id_592	node_name_592
9606	node_id_593	node_name_593
9606	node_id_594	node_name_594
9606	node_id_595	node_name_595
9606	node_id_596	node_name_596
9606	node_id_597	node_name_597
9606	node_id_598	node_name_598
9606	node_id_599	node_name_599
9606	node_id_600	node_name_600
9606	node_id_601	node_name_601
9606	node_id_602	node_name_602
9606	node_id_603	node_name_603
9606	node_id_604	node_name_604
9606	node_id_605	node_name_605
9606	node_id_606	node_name_606
9606	node_id_607	node_name_607
9606	node_id_608	node_name_608
9606	node_id_609	node_name_609
9606	node_id_610	node_name_610
9606	node_id_611	node_name_611
9606	node_id_612	node_name_612
9606	node_id_613	node_name_613
9606	node_id_614	node_name_614
9606	node_id_615	node_name_615
9606	node_id_616	node_name_616
9606	node_id_617	node_name_617
9606	node_id_618	node_name_618
9606	node_id_619	node_name_619
9606	node_id_620	node_name_620
9606	node_id_621	node_name_621
9606	node_id_622	node_name_622
9606	node_id_623	node_name_623
9606	node_id_624	node_name_624
9606	node_id_625	node_name_625
9606	node_id_626	node_name_626
9606	node_id_627	node_name_627
9606	node_id_628	node_name_628
9606	node_id_629	node_name_629
9606	node_id_630	node_name_630
9606	node_id_631	node_name_631
9606	node_id_632	node_name_632
9606	node_id_633	node_name_633
9606	node_id_634	node_name_634
9606	node_id_635	node_name_635
9606	node_id_636	node_name_636
9606	node_id_637	node_name_637
9606	node_id_638	node_name_638
9606	node_id_639	node_name_639
9606	node_id_640	node_name_640
9606	node_id_641	node_name_641
9606	node_id_642	node_name_642
9606	node_id_643	node_name_643
9606	node_id_644	node_name_644
9606	node_id_645	node_name_645
9606	node_id_646	node_name_646
9606	node_id_647	node_name_647
9606	node_id_648	node_name_648
9606	node_id_649	node_name_649
9606	node_id_650	node_name_650
9606	node_id_651	node_name_651
9606	node_id_652	node_name_652
9606	node_id_653	node_name_653
9606	node_id_654	node_name_654
9606	node_id_655	node_name_655
9606	node_id_656	node_name_656
9606	node_id_657	node_name_657
9606	node_id_658	node_name_658
9606	node_id_659	node_name_659
9606	node_id_660	node_name_660
9606	node_id_661	node_name_661
9606	node_id_662	node_name_662
9606	node_id_663	node_name_663
9606	node_id_664	node_name_664
9606	node_id_665	node_name_665
9606	node_id_666	node_name_666
9606	node_id_667	node_name_667
9606	node_id_668	node_name_668
9606	node_id_669	node_name_669
9606	node_id_670	node_name_670
9606	node_id_671	node_name_671
9606	node_id_672	node_name_672
9606	node_id_673	node_name_673
9606	node_id_674	node_name_674
9606	node_id_675	node_name_675
9606	node_id_676	node_name_676
9606	node_id_677	node_name_677
9606	node_id_678	node_name_678
9606	node_id_679	node_name_679
9606	node_id_680	node_name_680
9606	node_id_681	node_name_681
9606	node_id_682	node_name_682
9606	node_id_683	node_name_683
9606	node_id_684	node_name_684
9606	node_id_685	node_name_685
9606	node_id_686	node_name_686
9606	node_id_687	node_name_687
9606	node_id_688	node_name_688
9606	node_id_689	node_name_689
9606	node_id_690	node_name_690
9606	node_id_691	node_name_691
9606	node_id_692	node_name_692
9606	node_id_693	node_name_693
9606	node_id_694	node_name_694
9606	node_id_695	node_name_695
9606	node_id_696	node_name_696
9606	node_id_697	node_name_697
9606	node_id_698	node_name_698
9606	node_id_699	node_name_699
9606	node_id_700	node_name_700
9606	node_id_701	node_name_701
9606	node_id_702	node_name_702
9606	node_id_703	node_name_703
9606	node_id_704	node_name_704
9606	node_id_705	node_name_705
9606	node_id_706	node_name_706
9606	node_id_707	node_name_707
9606	node_id_708	node_name_708
9606	node_id_709	node_name_709
9606	node_id_710	node_name_710
9606	node_id_711	node_name_711
9606	node_id_712	node_name_712
9606	node_id_713	node_name_713
9606	node_id_714	node_name_714
9606	node_id_715	node_name_715
9606	node_id_716	node_name_716
9606	node_id_717	node_name_717
9606	node_id_718	node_name_718
9606	node_id_719	node_name_719
9606	node_id_720	node_name_720
9606	node_id_721	node_name_721
9606	node_id_722	node_name_722
9606	node_id_723	node_name_723
9606	node_id_724	node_name_724
9606	node_id_725	node_name_725
9606	node_id_726	node_name_726
9606	node_id_727	node_name_727
9606	node_id_728	node_name_728
9606	node_id_729	node_name_729
9606	node_id_730	node_name_730
9606	node_id_731	node_name_731
9606	node_id_732	node_name_732
9606	node_id_733	node_name_733
9606	node_id_734	node_name_734
9606	node_id_735	node_name_735
9606	node_id_736	node_name_736
9606	node_id_737	node_name_737
9606	node_id_738	node_name_738
9606	node_id_739	node_name_739
9606	node_id_740	node_name_740
9606	node_id_741	node_name_741
9606	node_id_742	node_name_742
9606	node_id_743	node_name_743
9606	node_id_744	node_name_744
9606	node_id_745	node_name_745
9606	node_id_746	node_name_746
9606	node_id_747	node_name_747
9606	node_id_748	node_name_748
9606	node_id_749	node_name_749
9606	node_id_750	node_name_750
9606	node_id_751	node_name_751
9606	node_id_752	node_name_752
9606	node_id_753	node_name_753
9606	node_id_754	node_name_754
9606	node_id_755	node_name_755
9606	node_id_756	node_name_756
9606	node_id_757	node_name_757
9606	node_id_758	node_name_758
9606	node_id_759	node_name_759
9606	node_id_760	node_name_760
9606	node_id_761	node_name_761
9606	node_id_762	node_name_762
9606	node_id_763	node_name_763
9606	node_id_764	node_name_764
9606	node_id_765	node_name_765
9606	node_id_766	node_name_766
9606	node_id_767	node_name_767
9606	node_id_768	node_name_768
9606	node_id_769	node_name_769
9606	node_id_770	node_name_770
9606	node_id_771	node_name_771
9606	node_id_772	node_name_772
9606	node_id_773	node_name_773
9606	node_id_774	node_name_774
9606	node_id_775	node_name_775
9606	node_id_776	node_name_776
9606	node_id_777	node_name_777
9606	node_id_778	node_name_778
9606	node_id_779	node_name_779
9606	node_id_780	node_name_780
9606	node_id_781	node_name_781
9606	node_id_782	node_name_782
9606	node_id_783	node_name_783
9606	node_id_784	node_name_784
9606	node_id_785	node_name_785
9606	node_id_786	node_name_786
9606	node_id_787	node_name_787
9606	node_id_788	node_name_788
9606	node_id_789	node_name_789
9606	node_id_790	node_name_790
9606	node_id_791	node_name_791
9606	node_id_792	node_name_792
9606	node_id_793	node_name_793
9606	node_id_794	node_name_794
9606	node_id_795	node_name_795
9606	node_id_796	node_name_796
9606	node_id_797	node_name_797
9606	node_id_798	node_name_798
9606	node_id_799	node_name_799
9606	node_id_800	node_name_800
9606	node_id_801	node_name_801
9606	node_id_802	node_name_802
9606	node_id_803	node_name_803
9606	node_id_804	node_name_804
9606	node_id_805	node_name_805
9606	node_id_806	node_name_806
9606	node_id_807	node_name_807
9606	node_id_808	node_name_808
9606	node_id_809	node_name_809
9606	node_id_810	node_name_810
9606	node_id_811	node_name_811
9606	node_id_812	node_name_812
9606	node_id_813	node_name_813
9606	node_id_814	node_name_814
9606	node_id_815	node_name_815
9606	node_id_816	node_name_816
9606	node_id_817	node_name_817
9606	node_id_818	node_name_818
9606	node_id_819	node_name_819
9606	node_id_820	node_name_820
9606	node_id_821	node_name_821
9606	node_id_822	node_name_822
9606	node_id_823	node_name_823
9606	node_id_824	node_name_824
9606	node_id_825	node_name_825
9606	node_id_826	node_name_826
9606	node_id_827	node_name_827
9606	node_id_828	node_name_828
9606	node_id_829	node_name_829
9606	node_id_830	node_name_830
9606	node_id_831	node_name_831
9606	node_id_832	node_name_832
9606	node_id_833	node_name_833
9606	node_id_834	node_name_834
9606	node_id_835	node_name_835
9606	node_id_836	node_name_836
9606	node_id_837	node_name_837
9606	node_id_838	node_name_838
9606	node_id_839	node_name_839
9606	node_id_840	node_name_840
9606	node_id_841	node_name_841
9606	node_id_842	node_name_842
9606	node_id_843	node_name_843
9606	node_id_844	node_name_844
9606	node_id_845	node_name_845
9606	node_id_846	node_name_846
9606	node_id_847	node_name_847
9606	node_id_848	node_name_848
9606	node_id_849	node_name_849
9606	node_id_850	node_name_850
9606	node_id_851	node_name_851
9606	node_id_852	node_name_852
9606	node_id_853	node_name_853
9606	node_id_854	node_name_854
9606	node_id_855	node_name_855
9606	node_id_856	node_name_856
9606	node_id_857	node_name_857
9606	node_id_858	node_name_858
9606	node_id_859	node_name_859
9606	node_id_860	node_name_860
9606	node_id_861	node_name_861
9606	node_id_862	node_name_862
9606	node_id_863	node_name_863
9606	node_id_864	node_name_864
9606	node_id_865	node_name_865
9606	node_id_866	node_name_866
9606	node_id_867	node_name_867
9606	node_id_868	node_name_868
9606	node_id_869	node_name_869
9606	node_id_870	node_name_870
9606	node_id_871	node_name_871
9606	node_id_872	node_name_872
9606	node_id_873	node_name_873
9606	node_id_874	node_name_874
9606	node_id_875	node_name_875
9606	node_id_876	node_name_876
9606	node_id_877	node_name_877
9606	node_id_878	node_name_878
9606	node_id_879	node_name_879
9606	node_id_880	node_name_880
9606	node_id_881	node_name_881
9606	node_id_882	node_name_882
9606	node_id_883	node_name_883
9606	node_id_884	node_name_884
9606	node_id_885	node_name_885
9606	node_id_886	node_name_886
9606	node_id_887	node_name_887
9606	node_id_888	node_name_888
9606	node_id_889	node_name_889
9606	node_id_890	node_name_890
9606	node_id_891	node_name_891
9606	node_id_892	node_name_892
9606	node_id_893	node_name_893
9606	node_id_894	node_name_894
9606	node_id_895	node_name_895
9606	node_id_896	node_name_896
9606	node_id_897	node_name_897
9606	node_id_898	node_name_898
9606	node_id_899	node_name_899
9606	node_id_900	node_name_900
9606	node_id_901	node_name_901
9606	node_id_902	node_name_902
9606	node_id_903	node_name_903
9606	node_id_904	node_name_904
9606	node_id_905	node_name_905
9606	node_id_906	node_name_906
9606	node_id_907	node_name_907
9606	node_id_908	node_name_908
9606	node_id_909	node_name_909
9606	node_id_910	node_name_910
9606	node_id_911	node_name_911
9606	node_id_912	node_name_912
9606	node_id_913	node_name_913
9606	node_id_914	node_name_914
9606	node_id_915	node_name_915
9606	node_id_916	node_name_916
9606	node_id_917	node_name_917
9606	node_id_918	node_name_918
9606	node_id_919	node_name_919
9606	node_id_920	node_name_920
9606	node_id_921	node_name_921
9606	node_id_922	node_name_922
9606	node_id_923	node_name_923
9606	node_id_924	node_name_924
9606	node_id_925	node_name_925
9606	node_id_926	node_name_926
9606	node_id_927	node_name_927
9606	node_id_928	node_name_928
9606	node_id_929	node_name_929
9606	node_id_930	node_name_930
9606	node_id_931	node_name_931
9606	node_id_932	node_name_932
9606	node_id_933	node_name_933
9606	node_id_934	node_name_934
9606	node_id_935	node_name_935
9606	node_id_936	node_name_936
9606	node_id_937	node_name_937
9606	node_id_938	node_name_938
9606	node_id_939	node_name_939
9606	node_id_940	node_name_940
9606	node_id_941	node_name_941
9606	node_id_942	node_name_942
9606	node_id_943	node_name_943
9606	node_id_944	node_name_944
9606	node_id_945	node_name_945
9606	node_id_946	node_name_946
9606	node_id_947	node_name_947
9606	node_id_948	node_name_948
9606	node_id_949	node_name_949
9606	node_id_950	node_name_950
9606	node_id_951	node_name_951
9606	node_id_952	node_name_952
9606	node_id_953	node_name_953
9606	node_id_954	node_name_954
9606	node_id_955	node_name_955
9606	node_id_956	node_name_956
9606	node_id_957	node_name_957
9606	node_id_958	node_name_958
9606	node_id_959	node_name_959
9606	node_id_960	node_name_960
9606	node_id_961	node_name_961
9606	node_id_962	node_name_962
9606	node_id_963	node_name_963
9606	node_id_964	node_name_964
9606	node_id_965	node_name_965
9606	node_id_966	node_name_966
9606	node_id_967	node_name_967
9606	node_id_968	node_name_968
9606	node_id_969	node_name_969
9606	node_id_970	node_name_970
9606	node_id_971	node_name_971
9606	node_id_972	node_name_972
9606	node_id_973	node_name_973
9606	node_id_974	node_name_974
9606	node_id_975	node_name_975
9606	node_id_976	node_name_976
9606	node_id_977	node_name_977
9606	node_id_978	node_name_978
9606	node_id_979	node_name_979
9606	node_id_980	node_name_980
9606	node_id_981	node_name_981
9606	node_id_982	node_name_982
9606	node_id_983	node_name_983
9606	node_id_984	node_name_984
9606	node_id_985	node_name_985
9606	node_id_986	node_name_986
9606	node_id_987	node_name_987
9606	node_id_988	node_name_988
9606	node_id_989	node_name_989
9606	node_id_990	node_name_990
9606	node_id_991	node_name_991
9606	node_id_992	node_name_992
9606	node_id_993	node_name_993
9606	node_id_994	node_name_994
9606	node_id_995	node_name_995
9606	node_id_996	node_name_996
9606	node_id_997	node_name_997
9606	node_id_998	node_name_998
9606	node_id_999	node_name_999
9606	node_id_1000	node_name_1000
9606	node_id_1001	node_name_1001
9606	node_id_1002	node_name_1002
9606	node_id_1003	node_name_1003
9606	node_id_1004	node_name_1004
9606	node_id_1005	node_name_1005
9606	node_id_1006	node_name_1006
9606	node_id_1007	node_name_1007
9606	node_id_1008	node_name_1008
9606	node_id_1009	node_name_1009
9606	node_id_1010	node_name_1010
9606	node_id_1011	node_name_1011
9606	node_id_1012	node_name_1012
9606	node_id_1013	node_name_1013
9606	node_id_1014	node_name_1014
9606	node_id_1015	node_name_1015
9606	node_id_1016	node_name_1016
9606	node_id_1017	node_name_1017
9606	node_id_1018	node_name_1018
9606	node_id_1019	node_name_1019
9606	node_id_1020	node_name_1020
9606	node_id_1021	node_name_1021
9606	node_id_1022	node_name_1022
9606	node_id_1023	node_name_1023
9606	node_id_1024	node_name_1024
9606	node_id_1025	node_name_1025
9606	node_id_1026	node_name_1026
9606	node_id_1027	node_name_1027
9606	node_id_1028	node_name_1028
9606	node_id_1029	node_name_1029
9606	node_id_1030	node_name_1030
9606	node_id_1031	node_name_1031
9606	node_id_1032	node_name_1032
9606	node_id_1033	node_name_1033
9606	node_id_1034	node_name_1034
9606	node_id_1035	node_name_1035
9606	node_id_1036	node_name_1036
9606	node_id_1037	node_name_1037
9606	node_id_1038	node_name_1038
9606	node_id_1039	node_name_1039
9606	node_id_1040	node_name_1040
9606	node_id_1041	node_name_1041
9606	node_id_1042	node_name_1042
9606	node_id_1043	node_name_1043
9606	node_id_1044	node_name_1044
9606	node_id_1045	node_name_1045
9606	node_id_1046	node_name_1046
9606	node_id_1047	node_name_1047
9606	node_id_1048	node_name_1048
9606	node_id_1049	node_name_1049
9606	node_id_1050	node_name_1050
9606	node_id_1051	node_name_1051
9606	node_id_1052	node_name_1052
9606	node_id_1053	node_name_1053
9606	node_id_1054	node_name_1054
9606	node_id_1055	node_name_1055
9606	node_id_1056	node_name_1056
9606	node_id_1057	node_name_1057
9606	node_id_1058	node_name_1058
9606	node_id_1059	node_name_1059
9606	node_id_1060	node_name_1060
9606	node_id_1061	node_name_1061
9606	node_id_1062	node_name_1062
9606	node_id_1063	node_name_1063
9606	node_id_1064	node_name_1064
9606	node_id_1065	node_name_1065
9606	node_id_1066	node_name_1066
9606	node_id_1067	node_name_1067
9606	node_id_1068	node_name_1068
9606	node_id_1069	node_name_1069
9606	node_id_1070	node_name_1070
9606	node_id_1071	node_name_1071
9606	node_id_1072	node_name_1072
9606	node_id_1073	node_name_1073
9606	node_id_1074	node_name_1074
9606	node_id_1075	node_name_1075
9606	node_id_1076	node_name_1076
9606	node_id_1077	node_name_1077
9606	node_id_1078	node_name_1078
9606	node_id_1079	node_name_1079
9606	node_id_1080	node_name_1080
9606	node_id_1081	node_name_1081
9606	node_id_1082	node_name_1082
9606	node_id_1083	node_name_1083
9606	node_id_1084	node_name_1084
9606	node_id_1085	node_name_1085
9606	node_id_1086	node_name_1086
9606	node_id_1087	node_name_1087
9606	node_id_1088	node_name_1088
9606	node_id_1089	node_name_1089
9606	node_id_1090	node_name_1090
9606	node_id_1091	node_name_1091
9606	node_id_1092	node_name_1092
9606	node_id_1093	node_name_1093
9606	node_id_1094	node_name_1094
9606	node_id_1095	node_name_1095
9606	node_id_1096	node_name_1096
9606	node_id_1097	node_name_1097
9606	node_id_1098	node_name_1098
9606	node_id_1099	node_name_1099
9606	node_id_1100	node_name_1100
9606	node_id_1101	node_name_1101
9606	node_id_1102	node_name_1102
9606	node_id_1103	node_name_1103
9606	node_id_1104	node_name_1104
9606	node_id_1105	node_name_1105
9606	node_id_1106	node_name_1106
9606	node_id_1107	node_name_1107
9606	node_id_1108	node_name_1108
9606	node_id_1109	node_name_1109
9606	node_id_1110	node_name_1110
9606	node_id_1111	node_name_1111
9606	node_id_1112	node_name_1112
9606	node_id_1113	node_name_1113
9606	node_id_1114	node_name_1114
9606	node_id_1115	node_name_1115
9606	node_id_1116	node_name_1116
9606	node_id_1117	node_name_1117
9606	node_id_1118	node_name_1118
9606	node_id_1119	node_name_1119
9606	node_id_1120	node_name_1120
9606	node_id_1121	node_name_1121
9606	node_id_1122	node_name_1122
9606	node_id_1123	node_name_1123
9606	node_id_1124	node_name_1124
9606	node_id_1125	node_name_1125
9606	node_id_1126	node_name_1126
9606	node_id_1127	node_name_1127
9606	node_id_1128	node_name_1128
9606	node_id_1129	node_name_1129
9606	node_id_1130	node_name_1130
9606	node_id_1131	node_name_1131
9606	node_id_1132	node_name_1132
9606	node_id_1133	node_name_1133
9606	node_id_1134	node_name_1134
9606	node_id_1135	node_name_1135
9606	node_id_1136	node_name_1136
9606	node_id_1137	node_name_1137
9606	node_id_1138	node_name_1138
9606	node_id_1139	node_name_1139
9606	node_id_1140	node_name_1140
9606	node_id_1141	node_name_1141
9606	node_id_1142	node_name_1142
9606	node_id_1143	node_name_1143
9606	node_id_1144	node_name_1144
9606	node_id_1145	node_name_1145
9606	node_id_1146	node_name_1146
9606	node_id_1147	node_name_1147
9606	node_id_1148	node_name_1148
9606	node_id_1149	node_name_1149
9606	node_id_1150	node_name_1150
9606	node_id_1151	node_name_1151
9606	node_id_1152	node_name_1152
9606	node_id_1153	node_name_1153
9606	node_id_1154	node_name_1154
9606	node_id_1155	node_name_1155
9606	node_id_1156	node_name_1156
9606	node_id_1157	node_name_1157
9606	node_id_1158	node_name_1158
9606	node_id_1159	node_name_1159
9606	node_id_1160	node_name_1160
9606	node_id_1161	node_name_1161
9606	node_id_1162	node_name_1162
9606	node_id_1163	node_name_1163
9606	node_id_1164	node_name_1164
9606	node_id_1165	node_name_1165
9606	node_id_1166	node_name_1166
9606	node_id_1167	node_name_1167
9606	node_id_1168	node_name_1168
9606	node_id_1169	node_name_1169
9606	node_id_1170	node_name_1170
9606	node_id_1171	node_name_1171
9606	node_id_1172	node_name_1172
9606	node_id_1173	node_name_1173
9606	node_id_1174	node_name_1174
9606	node_id_1175	node_name_1175
9606	node_id_1176	node_name_1176
9606	node_id_1177	node_name_1177
9606	node_id_1178	node_name_1178
9606	node_id_1179	node_name_1179
9606	node_id_1180	node_name_1180
9606	node_id_1181	node_name_1181
9606	node_id_1182	node_name_1182
9606	node_id_1183	node_name_1183
9606	node_id_1184	node_name_1184
9606	node_id_1185	node_name_1185
9606	node_id_1186	node_name_1186
9606	node_id_1187	node_name_1187
9606	node_id_1188	node_name_1188
9606	node_id_1189	node_name_1189
9606	node_id_1190	node_name_1190
9606	node_id_1191	node_name_1191
9606	node_id_1192	node_name_1192
9606	node_id_1193	node_name_1193
9606	node_id_1194	node_name_1194
9606	node_id_1195	node_name_1195
9606	node_id_1196	node_name_1196
9606	node_id_1197	node_name_1197
9606	node_id_1198	node_name_1198
9606	node_id_1199	node_name_1199
9606	node_id_1200	node_name_1200
9606	node_id_1201	node_name_1201
9606	node_id_1202	node_name_1202
9606	node_id_1203	node_name_1203
9606	node_id_1204	node_name_1204
9606	node_id_1205	node_name_1205
9606	node_id_1206	node_name_1206
9606	node_id_1207	node_name_1207
9606	node_id_1208	node_name_1208
9606	node_id_1209	node_name_1209
9606	node_id_1210	node_name_1210
9606	node_id_1211	node_name_1211
9606	node_id_1212	node_name_1212
9606	node_id_1213	node_name_1213
9606	node_id_1214	node_name_1214
9606	node_id_1215	node_name_1215
9606	node_id_1216	node_name_1216
9606	node_id_1217	node_name_1217
9606	node_id_1218	node_name_1218
9606	node_id_1219	node_name_1219
9606	node_id_1220	node_name_1220
9606	node_id_1221	node_name_1221
9606	node_id_1222	node_name_1222
9606	node_id_1223	node_name_1223
9606	node_id_1224	node_name_1224
9606	node_id_1225	node_name_1225
9606	node_id_1226	node_name_1226
9606	node_id_1227	node_name_1227
9606	node_id_1228	node_name_1228
9606	node_id_1229	node_name_1229
9606	node_id_1230	node_name_1230
9606	node_id_1231	node_name_1231
9606	node_id_1232	node_name_1232
9606	node_id_1233	node_name_1233
9606	node_id_1234	node_name_1234
9606	node_id_1235	node_name_1235
9606	node_id_1236	node_name_1236
9606	node_id_1237	node_name_1237
9606	node_id_1238	node_name_1238
9606	node_id_1239	node_name_1239
9606	node_id_1240	node_name_1240
9606	node_id_1241	node_name_1241
9606	node_id_1242	node_name_1242
9606	node_id_1243	node_name_1243
9606	node_id_1244	node_name_1244
9606	node_id_1245	node_name_1245
9606	node_id_1246	node_name_1246
9606	node_id_1247	node_name_1247
9606	node_id_1248	node_name_1248
9606	node_id_1249	node_name_1249
9606	node_id_1250	node_name_1250
9606	node_id_1251	node_name_1251
9606	node_id_1252	node_name_1252
9606	node_id_1253	node_name_1253
9606	node_id_1254	node_name_1254
9606	node_id_1255	node_name_1255
9606	node_id_1256	node_name_1256
9606	node_id_1257	node_name_1257
9606	node_id_1258	node_name_1258
9606	node_id_1259	node_name_1259
9606	node_id_1260	node_name_1260
9606	node_id_1261	node_name_1261
9606	node_id_1262	node_name_1262
9606	node_id_1263	node_name_1263
9606	node_id_1264	node_name_1264
9606	node_id_1265	node_name_1265
9606	node_id_1266	node_name_1266
9606	node_id_1267	node_name_1267
9606	node_id_1268	node_name_1268
9606	node_id_1269	node_name_1269
9606	node_id_1270	node_name_1270
9606	node_id_1271	node_name_1271
9606	node_id_1272	node_name_1272
9606	node_id_1273	node_name_1273
9606	node_id_1274	node_name_1274
9606	node_id_1275	node_name_1275
9606	node_id_1276	node_name_1276
9606	node_id_1277	node_name_1277
9606	node_id_1278	node_name_1278
9606	node_id_1279	node_name_1279
9606	node_id_1280	node_name_1280
9606	node_id_1281	node_name_1281
9606	node_id_1282	node_name_1282
9606	node_id_1283	node_name_1283
9606	node_id_1284	node_name_1284
9606	node_id_1285	node_name_1285
9606	node_id_1286	node_name_1286
9606	node_id_1287	node_name_1287
9606	node_id_1288	node_name_1288
9606	node_id_1289	node_name_1289
9606	node_id_1290	node_name_1290
9606	node_id_1291	node_name_1291
9606	node_id_1292	node_name_1292
9606	node_id_1293	node_name_1293
9606	node_id_1294	node_name_1294
9606	node_id_1295	node_name_1295
9606	node_id_1296	node_name_1296
9606	node_id_1297	node_name_1297
9606	node_id_1298	node_name_1298
9606	node_id_1299	node_name_1299
9606	node_id_1300	node_name_1300
9606	node_id_1301	node_name_1301
9606	node_id_1302	node_name_1302
9606	node_id_1303	node_name_1303
9606	node_id_1304	node_name_1304
9606	node_id_1305	node_name_1305
9606	node_id_1306	node_name_1306
9606	node_id_1307	node_name_1307
9606	node_id_1308	node_name_1308
9606	node_id_1309	node_name_1309
9606	node_id_1310	node_name_1310
9606	node_id_1311	node_name_1311
9606	node_id_1312	node_name_1312
9606	node_id_1313	node_name_1313
9606	node_id_1314	node_name_1314
9606	node_id_1315	node_name_1315
9606	node_id_1316	node_name_1316
9606	node_id_1317	node_name_1317
9606	node_id_1318	node_name_1318
9606	node_id_1319	node_name_1319
9606	node_id_1320	node_name_1320
9606	node_id_1321	node_name_1321
9606	node_id_1322	node_name_1322
9606	node_id_1323	node_name_1323
9606	node_id_1324	node_name_1324
9606	node_id_1325	node_name_1325
9606	node_id_1326	node_name_1326
9606	node_id_1327	node_name_1327
9606	node_id_1328	node_name_1328
9606	node_id_1329	node_name_1329
9606	node_id_1330	node_name_1330
9606	node_id_1331	node_name_1331
9606	node_id_1332	node_name_1332
9606	node_id_1333	node_name_1333
9606	node_id_1334	node_name_1334
9606	node_id_1335	node_name_1335
9606	node_id_1336	node_name_1336
9606	node_id_1337	node_name_1337
9606	node_id_1338	node_name_1338
9606	node_id_1339	node_name_1339
9606	node_id_1340	node_name_1340
9606	node_id_1341	node_name_1341
9606	node_id_1342	node_name_1342
9606	node_id_1343	node_name_1343
9606	node_id_1344	node_name_1344
9606	node_id_1345	node_name_1345
9606	node_id_1346	node_name_1346
9606	node_id_1347	node_name_1347
9606	node_id_1348	node_name_1348
9606	node_id_1349	node_name_1349
9606	node_id_1350	node_name_1350
9606	node_id_1351	node_name_1351
9606	node_id_1352	node_name_1352
9606	node_id_1353	node_name_1353
9606	node_id_1354	node_name_1354
9606	node_id_1355	node_name_1355
9606	node_id_1356	node_name_1356
9606	node_id_1357	node_name_1357
9606	node_id_1358	node_name_1358
9606	node_id_1359	node_name_1359
9606	node_id_1360	node_name_1360
9606	node_id_1361	node_name_1361
9606	node_id_1362	node_name_1362
9606	node_id_1363	node_name_1363
9606	node_id_1364	node_name_1364
9606	node_id_1365	node_name_1365
9606	node_id_1366	node_name_1366
9606	node_id_1367	node_name_1367
9606	node_id_1368	node_name_1368
9606	node_id_1369	node_name_1369
9606	node_id_1370	node_name_1370
9606	node_id_1371	node_name_1371
9606	node_id_1372	node_name_1372
9606	node_id_1373	node_name_1373
9606	node_id_1374	node_name_1374
9606	node_id_1375	node_name_1375
9606	node_id_1376	node_name_1376
9606	node_id_1377	node_name_1377
9606	node_id_1378	node_name_1378
9606	node_id_1379	node_name_1379
9606	node_id_1380	node_name_1380
9606	node_id_1381	node_name_1381
9606	node_id_1382	node_name_1382
9606	node_id_1383	node_name_1383
9606	node_id_1384	node_name_1384
9606	node_id_1385	node_name_1385
9606	node_id_1386	node_name_1386
9606	node_id_1387	node_name_1387
9606	node_id_1388	node_name_1388
9606	node_id_1389	node_name_1389
9606	node_id_1390	node_name_1390
9606	node_id_1391	node_name_1391
9606	node_id_1392	node_name_1392
9606	node_id_1393	node_name_1393
9606	node_id_1394	node_name_1394
9606	node_id_1395	node_name_1395
9606	node_id_1396	node_name_1396
9606	node_id_1397	node_name_1397
9606	node_id_1398	node_name_1398
9606	node_id_1399	node_name_1399
9606	node_id_1400	node_name_1400
9606	node_id_1401	node_name_1401
9606	node_id_1402	node_name_1402
9606	node_id_1403	node_name_1403
9606	node_id_1404	node_name_1404
9606	node_id_1405	node_name_1405
9606	node_id_1406	node_name_1406
9606	node_id_1407	node_name_1407
9606	node_id_1408	node_name_1408
9606	node_id_1409	node_name_1409
9606	node_id_1410	node_name_1410
9606	node_id_1411	node_name_1411
9606	node_id_1412	node_name_1412
9606	node_id_1413	node_name_1413
9606	node_id_1414	node_name_1414
9606	node_id_1415	node_name_1415
9606	node_id_1416	node_name_1416
9606	node_id_1417	node_name_1417
9606	node_id_1418	node_name_1418
9606	node_id_1419	node_name_1419
9606	node_id_1420	node_name_1420
9606	node_id_1421	node_name_1421
9606	node_id_1422	node_name_1422
9606	node_id_1423	node_name_1423
9606	node_id_1424	node_name_1424
9606	node_id_1425	node_name_1425
9606	node_id_1426	node_name_1426
9606	node_id_1427	node_name_1427
9606	node_id_1428	node_name_1428
9606	node_id_1429	node_name_1429
9606	node_id_1430	node_name_1430
9606	node_id_1431	node_name_1431
9606	node_id_1432	node_name_1432
9606	node_id_1433	node_name_1433
9606	node_id_1434	node_name_1434
9606	node_id_1435	node_name_1435
9606	node_id_1436	node_name_1436
9606	node_id_1437	node_name_1437
9606	node_id_1438	node_name_1438
9606	node_id_1439	node_name_1439
9606	node_id_1440	node_name_1440
9606	node_id_1441	node_name_1441
9606	node_id_1442	node_name_1442
9606	node_id_1443	node_name_1443
9606	node_id_1444	node_name_1444
9606	node_id_1445	node_name_1445
9606	node_id_1446	node_name_1446
9606	node_id_1447	node_name_1447
9606	node_id_1448	node_name_1448
9606	node_id_1449	node_name_1449
9606	node_id_1450	node_name_1450
9606	node_id_1451	node_name_1451
9606	node_id_1452	node_name_1452
9606	node_id_1453	node_name_1453
9606	node_id_1454	node_name_1454
9606	node_id_1455	node_name_1455
9606	node_id_1456	node_name_1456
9606	node_id_1457	node_name_1457
9606	node_id_1458	node_name_1458
9606	node_id_1459	node_name_1459
9606	node_id_1460	node_name_1460
9606	node_id_1461	node_name_1461
9606	node_id_1462	node_name_1462
9606	node_id_1463	node_name_1463
9606	node_id_1464	node_name_1464
9606	node_id_1465	node_name_1465
9606	node_id_1466	node_name_1466
9606	node_id_1467	node_name_1467
9606	node_id_1468	node_name_1468
9606	node_id_1469	node_name_1469
9606	node_id_1470	node_name_1470
9606	node_id_1471	node_name_1471
9606	node_id_1472	node_name_1472
9606	node_id_1473	node_name_1473
9606	node_id_1474	node_name_1474
9606	node_id_1475	node_name_1475
9606	node_id_1476	node_name_1476
9606	node_id_1477	node_name_1477
9606	node_id_1478	node_name_1478
9606	node_id_1479	node_name_1479
9606	node_id_1480	node_name_1480
9606	node_id_1481	node_name_1481
9606	node_id_1482	node_name_1482
9606	node_id_1483	node_name_1483
9606	node_id_1484	node_name_1484
9606	node_id_1485	node_name_1485
9606	node_id_1486	node_name_1486
9606	node_id_1487	node_name_1487
9606	node_id_1488	node_name_1488
9606	node_id_1489	node_name_1489
9606	node_id_1490	node_name_1490
9606	node_id_1491	node_name_1491
9606	node_id_1492	node_name_1492
9606	node_id_1493	node_name_1493
9606	node_id_1494	node_name_1494
9606	node_id_1495	node_name_1495
9606	node_id_1496	node_name_1496
9606	node_id_1497	node_name_1497
9606	node_id_1498	node_name_1498
9606	node_id_1499	node_name_1499
9606	node_id_1500	node_name_1500
9606	node_id_1501	node_name_1501
9606	node_id_1502	node_name_1502
9606	node_id_1503	node_name_1503
9606	node_id_1504	node_name_1504
9606	node_id_1505	node_name_1505
9606	node_id_1506	node_name_1506
9606	node_id_1507	node_name_1507
9606	node_id_1508	node_name_1508
9606	node_id_1509	node_name_1509
9606	node_id_1510	node_name_1510
9606	node_id_1511	node_name_1511
9606	node_id_1512	node_name_1512
9606	node_id_1513	node_name_1513
9606	node_id_1514	node_name_1514
9606	node_id_1515	node_name_1515
9606	node_id_1516	node_name_1516
9606	node_id_1517	node_name_1517
9606	node_id_1518	node_name_1518
9606	node_id_1519	node_name_1519
9606	node_id_1520	node_name_1520
9606	node_id_1521	node_name_1521
9606	node_id_1522	node_name_1522
9606	node_id_1523	node_name_1523
9606	node_id_1524	node_name_1524
9606	node_id_1525	node_name_1525
9606	node_id_1526	node_name_1526
9606	node_id_1527	node_name_1527
9606	node_id_1528	node_name_1528
9606	node_id_1529	node_name_1529
9606	node_id_1530	node_name_1530
9606	node_id_1531	node_name_1531
9606	node_id_1532	node_name_1532
9606	node_id_1533	node_name_1533
9606	node_id_1534	node_name_1534
9606	node_id_1535	node_name_1535
9606	node_id_1536	node_name_1536
9606	node_id_1537	node_name_1537
9606	node_id_1538	node_name_1538
9606	node_id_1539	node_name_1539
9606	node_id_1540	node_name_1540
9606	node_id_1541	node_name_1541
9606	node_id_1542	node_name_1542
9606	node_id_1543	node_name_1543
9606	node_id_1544	node_name_1544
9606	node_id_1545	node_name_1545
9606	node_id_1546	node_name_1546
9606	node_id_1547	node_name_1547
9606	node_id_1548	node_name_1548
9606	node_id_1549	node_name_1549
9606	node_id_1550	node_name_1550
9606	node_id_1551	node_name_1551
9606	node_id_1552	node_name_1552
9606	node_id_1553	node_name_1553
9606	node_id_1554	node_name_1554
9606	node_id_1555	node_name_1555
9606	node_id_1556	node_name_1556
9606	node_id_1557	node_name_1557
9606	node_id_1558	node_name_1558
9606	node_id_1559	node_name_1559
9606	node_id_1560	node_name_1560
9606	node_id_1561	node_name_1561
9606	node_id_1562	node_name_1562
9606	node_id_1563	node_name_1563
9606	node_id_1564	node_name_1564
9606	node_id_1565	node_name_1565
9606	node_id_1566	node_name_1566
9606	node_id_1567	node_name_1567
9606	node_id_1568	node_name_1568
9606	node_id_1569	node_name_1569
9606	node_id_1570	node_name_1570
9606	node_id_1571	node_name_1571
9606	node_id_1572	node_name_1572
9606	node_id_1573	node_name_1573
9606	node_id_1574	node_name_1574
9606	node_id_1575	node_name_1575
9606	node_id_1576	node_name_1576
9606	node_id_1577	node_name_1577
9606	node_id_1578	node_name_1578
9606	node_id_1579	node_name_1579
9606	node_id_1580	node_name_1580
9606	node_id_1581	node_name_1581
9606	node_id_1582	node_name_1582
9606	node_id_1583	node_name_1583
9606	node_id_1584	node_name_1584
9606	node_id_1585	node_name_1585
9606	node_id_1586	node_name_1586
9606	node_id_1587	node_name_1587
9606	node_id_1588	node_name_1588
9606	node_id_1589	node_name_1589
9606	node_id_1590	node_name_1590
9606	node_id_1591	node_name_1591
9606	node_id_1592	node_name_1592
9606	node_id_1593	node_name_1593
9606	node_id_1594	node_name_1594
9606	node_id_1595	node_name_1595
9606	node_id_1596	node_name_1596
9606	node_id_1597	node_name_1597
9606	node_id_1598	node_name_1598
9606	node_id_1599	node_name_1599
9606	node_id_1600	node_name_1600
9606	node_id_1601	node_name_1601
9606	node_id_1602	node_name_1602
9606	node_id_1603	node_name_1603
9606	node_id_1604	node_name_1604
9606	node_id_1605	node_name_1605
9606	node_id_1606	node_name_1606
9606	node_id_1607	node_name_1607
9606	node_id_1608	node_name_1608
9606	node_id_1609	node_name_1609
9606	node_id_1610	node_name_1610
9606	node_id_1611	node_name_1611
9606	node_id_1612	node_name_1612
9606	node_id_1613	node_name_1613
9606	node_id_1614	node_name_1614
9606	node_id_1615	node_name_1615
9606	node_id_1616	node_name_1616
9606	node_id_1617	node_name_1617
9606	node_id_1618	node_name_1618
9606	node_id_1619	node_name_1619
9606	node_id_1620	node_name_1620
9606	node_id_1621	node_name_1621
9606	node_id_1622	node_name_1622
9606	node_id_1623	node_name_1623
9606	node_id_1624	node_name_1624
9606	node_id_1625	node_name_1625
9606	node_id_1626	node_name_1626
9606	node_id_1627	node_name_1627
9606	node_id_1628	node_name_1628
9606	node_id_1629	node_name_1629
9606	node_id_1630	node_name_1630
9606	node_id_1631	node_name_1631
9606	node_id_1632	node_name_1632
9606	node_id_1633	node_name_1633
9606	node_id_1634	node_name_1634
9606	node_id_1635	node_name_1635
9606	node_id_1636	node_name_1636
9606	node_id_1637	node_name_1637
9606	node_id_1638	node_name_1638
9606	node_id_1639	node_name_1639
9606	node_id_1640	node_name_1640
9606	node_id_1641	node_name_1641
9606	node_id_1642	node_name_1642
9606	node_id_1643	node_name_1643
9606	node_id_1644	node_name_1644
9606	node_id_1645	node_name_1645
9606	node_id_1646	node_name_1646
9606	node_id_1647	node_name_1647
9606	node_id_1648	node_name_1648
9606	node_id_1649	node_name_1649
9606	node_id_1650	node_name_1650
9606	node_id_1651	node_name_1651
9606	node_id_1652	node_name_1652
9606	node_id_1653	node_name_1653
9606	node_id_1654	node_name_1654
9606	node_id_1655	node_name_1655
9606	node_id_1656	node_name_1656
9606	node_id_1657	node_name_1657
9606	node_id_1658	node_name_1658
9606	node_id_1659	node_name_1659
9606	node_id_1660	node_name_1660
9606	node_id_1661	node_name_1661
9606	node_id_1662	node_name_1662
9606	node_id_1663	node_name_1663
9606	node_id_1664	node_name_1664
9606	node_id_1665	node_name_1665
9606	node_id_1666	node_name_1666
9606	node_id_1667	node_name_1667
9606	node_id_1668	node_name_1668
9606	node_id_1669	node_name_1669
9606	node_id_1670	node_name_1670
9606	node_id_1671	node_name_1671
9606	node_id_1672	node_name_1672
9606	node_id_1673	node_name_1673
9606	node_id_1674	node_name_1674
9606	node_id_1675	node_name_1675
9606	node_id_1676	node_name_1676
9606	node_id_1677	node_name_1677
9606	node_id_1678	node_name_1678
9606	node_id_1679	node_name_1679
9606	node_id_1680	node_name_1680
9606	node_id_1681	node_name_1681
9606	node_id_1682	node_name_1682
9606	node_id_1683	node_name_1683
9606	node_id_1684	node_name_1684
9606	node_id_1685	node_name_1685
9606	node_id_1686	node_name_1686
9606	node_id_1687	node_name_1687
9606	node_id_1688	node_name_1688
9606	node_id_1689	node_name_1689
9606	node_id_1690	node_name_1690
9606	node_id_1691	node_name_1691
9606	node_id_1692	node_name_1692
9606	node_id_1693	node_name_1693
9606	node_id_1694	node_name_1694
9606	node_id_1695	node_name_1695
9606	node_id_1696	node_name_1696
9606	node_id_1697	node_name_1697
9606	node_id_1698	node_name_1698
9606	node_id_1699	node_name_1699
9606	node_id_1700	node_name_1700
9606	node_id_1701	node_name_1701
9606	node_id_1702	node_name_1702
9606	node_id_1703	node_name_1703
9606	node_id_1704	node_name_1704
9606	node_id_1705	node_name_1705
9606	node_id_1706	node_name_1706
9606	node_id_1707	node_name_1707
9606	node_id_1708	node_name_1708
9606	node_id_1709	node_name_1709
9606	node_id_1710	node_name_1710
9606	node_id_1711	node_name_1711
9606	node_id_1712	node_name_1712
9606	node_id_1713	node_name_1713
9606	node_id_1714	node_name_1714
9606	node_id_1715	node_name_1715
9606	node_id_1716	node_name_1716
9606	node_id_1717	node_name_1717
9606	node_id_1718	node_name_1718
9606	node_id_1719	node_name_1719
9606	node_id_1720	node_name_1720
9606	node_id_1721	node_name_1721
9606	node_id_1722	node_name_1722
9606	node_id_1723	node_name_1723
9606	node_id_1724	node_name_1724
9606	node_id_1725	node_name_1725
9606	node_id_1726	node_name_1726
9606	node_id_1727	node_name_1727
9606	node_id_1728	node_name_1728
9606	node_id_1729	node_name_1729
9606	node_id_1730	node_name_1730
9606	node_id_1731	node_name_1731
9606	node_id_1732	node_name_1732
9606	node_id_1733	node_name_1733
9606	node_id_1734	node_name_1734
9606	node_id_1735	node_name_1735
9606	node_id_1736	node_name_1736
9606	node_id_1737	node_name_1737
9606	node_id_1738	node_name_1738
9606	node_id_1739	node_name_1739
9606	node_id_1740	node_name_1740
9606	node_id_1741	node_name_1741
9606	node_id_1742	node_name_1742
9606	node_id_1743	node_name_1743
9606	node_id_1744	node_name_1744
9606	node_id_1745	node_name_1745
9606	node_id_1746	node_name_1746
9606	node_id_1747	node_name_1747
9606	node_id_1748	node_name_1748
9606	node_id_1749	node_name_1749
9606	node_id_1750	node_name_1750
9606	node_id_1751	node_name_1751
9606	node_id_1752	node_name_1752
9606	node_id_1753	node_name_1753
9606	node_id_1754	node_name_1754
9606	node_id_1755	node_name_1755
9606	node_id_1756	node_name_1756
9606	node_id_1757	node_name_1757
9606	node_id_1758	node_name_1758
9606	node_id_1759	node_name_1759
9606	node_id_1760	node_name_1760
9606	node_id_1761	node_name_1761
9606	node_id_1762	node_name_1762
9606	node_id_1763	node_name_1763
9606	node_id_1764	node_name_1764
9606	node_id_1765	node_name_1765
9606	node_id_1766	node_name_1766
9606	node_id_1767	node_name_1767
9606	node_id_1768	node_name_1768
9606	node_id_1769	node_name_1769
9606	node_id_1770	node_name_1770
9606	node_id_1771	node_name_1771
9606	node_id_1772	node_name_1772
9606	node_id_1773	node_name_1773
9606	node_id_1774	node_name_1774
9606	node_id_1775	node_name_1775
9606	node_id_1776	node_name_1776
9606	node_id_1777	node_name_1777
9606	node_id_1778	node_name_1778
9606	node_id_1779	node_name_1779
9606	node_id_1780	node_name_1780
9606	node_id_1781	node_name_1781
9606	node_id_1782	node_name_1782
9606	node_id_1783	node_name_1783
9606	node_id_1784	node_name_1784
9606	node_id_1785	node_name_1785
9606	node_id_1786	node_name_1786
9606	node_id_1787	node_name_1787
9606	node_id_1788	node_name_1788
9606	node_id_1789	node_name_1789
9606	node_id_1790	node_name_1790
9606	node_id_1791	node_name_1791
9606	node_id_1792	node_name_1792
9606	node_id_1793	node_name_1793
9606	node_id_1794	node_name_1794
9606	node_id_1795	node_name_1795
9606	node_id_1796	node_name_1796
9606	node_id_1797	node_name_1797
9606	node_id_1798	node_name_1798
9606	node_id_1799	node_name_1799
9606	node_id_1800	node_name_1800
9606	node_id_1801	node_name_1801
9606	node_id_1802	node_name_1802
9606	node_id_1803	node_name_1803
9606	node_id_1804	node_name_1804
9606	node_id_1805	node_name_1805
9606	node_id_1806	node_name_1806
9606	node_id_1807	node_name_1807
9606	node_id_1808	node_name_1808
9606	node_id_1809	node_name_1809
9606	node_id_1810	node_name_1810
9606	node_id_1811	node_name_1811
9606	node_id_1812	node_name_1812
9606	node_id_1813	node_name_1813
9606	node_id_1814	node_name_1814
9606	node_id_1815	node_name_1815
9606	node_id_1816	node_name_1816
9606	node_id_1817	node_name_1817
9606	node_id_1818	node_name_1818
9606	node_id_1819	node_name_1819
9606	node_id_1820	node_name_1820
9606	node_id_1821	node_name_1821
9606	node_id_1822	node_name_1822
9606	node_id_1823	node_name_1823
9606	node_id_1824	node_name_1824
9606	node_id_1825	node_name_1825
9606	node_id_1826	node_name_1826
9606	node_id_1827	node_name_1827
9606	node_id_1828	node_name_1828
9606	node_id_1829	node_name_1829
9606	node_id_1830	node_name_1830
9606	node_id_1831	node_name_1831
9606	node_id_1832	node_name_1832
9606	node_id_1833	node_name_1833
9606	node_id_1834	node_name_1834
9606	node_id_1835	node_name_1835
9606	node_id_1836	node_name_1836
9606	node_id_1837	node_name_1837
9606	node_id_1838	node_name_1838
9606	node_id_1839	node_name_1839
9606	node_id_1840	node_name_1840
9606	node_id_1841	node_name_1841
9606	node_id_1842	node_name_1842
9606	node_id_1843	node_name_1843
9606	node_id_1844	node_name_1844
9606	node_id_1845	node_name_1845
9606	node_id_1846	node_name_1846
9606	node_id_1847	node_name_1847
9606	node_id_1848	node_name_1848
9606	node_id_1849	node_name_1849
9606	node_id_1850	node_name_1850
9606	node_id_1851	node_name_1851
9606	node_id_1852	node_name_1852
9606	node_id_1853	node_name_1853
9606	node_id_1854	node_name_1854
9606	node_id_1855	node_name_1855
9606	node_id_1856	node_name_1856
9606	node_id_1857	node_name_1857
9606	node_id_1858	node_name_1858
9606	node_id_1859	node_name_1859
9606	node_id_1860	node_name_1860
9606	node_id_1861	node_name_1861
9606	node_id_1862	node_name_1862
9606	node_id_1863	node_name_1863
9606	node_id_1864	node_name_1864
9606	node_id_1865	node_name_1865
9606	node_id_1866	node_name_1866
9606	node_id_1867	node_name_1867
9606	node_id_1868	node_name_1868
9606	node_id_1869	node_name_1869
9606	node_id_1870	node_name_1870
9606	node_id_1871	node_name_1871
9606	node_id_1872	node_name_1872
9606	node_id_1873	node_name_1873
9606	node_id_1874	node_name_1874
9606	node_id_1875	node_name_1875
9606	node_id_1876	node_name_1876
9606	node_id_1877	node_name_1877
9606	node_id_1878	node_name_1878
9606	node_id_1879	node_name_1879
9606	node_id_1880	node_name_1880
9606	node_id_1881	node_name_1881
9606	node_id_1882	node_name_1882
9606	node_id_1883	node_name_1883
9606	node_id_1884	node_name_1884
9606	node_id_1885	node_name_1885
9606	node_id_1886	node_name_1886
9606	node_id_1887	node_name_1887
9606	node_id_1888	node_name_1888
9606	node_id_1889	node_name_1889
9606	node_id_1890	node_name_1890
9606	node_id_1891	node_name_1891
9606	node_id_1892	node_name_1892
9606	node_id_1893	node_name_1893
9606	node_id_1894	node_name_1894
9606	node_id_1895	node_name_1895
9606	node_id_1896	node_name_1896
9606	node_id_1897	node_name_1897
9606	node_id_1898	node_name_1898
9606	node_id_1899	node_name_1899
9606	node_id_1900	node_name_1900
9606	node_id_1901	node_name_1901
9606	node_id_1902	node_name_1902
9606	node_id_1903	node_name_1903
9606	node_id_1904	node_name_1904
9606	node_id_1905	node_name_1905
9606	node_id_1906	node_name_1906
9606	node_id_1907	node_name_1907
9606	node_id_1908	node_name_1908
9606	node_id_1909	node_name_1909
9606	node_id_1910	node_name_1910
9606	node_id_1911	node_name_1911
9606	node_id_1912	node_name_1912
9606	node_id_1913	node_name_1913
9606	node_id_1914	node_name_1914
9606	node_id_1915	node_name_1915
9606	node_id_1916	node_name_1916
9606	node_id_1917	node_name_1917
9606	node_id_1918	node_name_1918
9606	node_id_1919	node_name_1919
9606	node_id_1920	node_name_1920
9606	node_id_1921	node_name_1921
9606	node_id_1922	node_name_1922
9606	node_id_1923	node_name_1923
9606	node_id_1924	node_name_1924
9606	node_id_1925	node_name_1925
9606	node_id_1926	node_name_1926
9606	node_id_1927	node_name_1927
9606	node_id_1928	node_name_1928
9606	node_id_1929	node_name_1929
9606	node_id_1930	node_name_1930
9606	node_id_1931	node_name_1931
9606	node_id_1932	node_name_1932
9606	node_id_1933	node_name_1933
9606	node_id_1934	node_name_1934
9606	node_id_1935	node_name_1935
9606	node_id_1936	node_name_1936
9606	node_id_1937	node_name_1937
9606	node_id_1938	node_name_1938
9606	node_id_1939	node_name_1939
9606	node_id_1940	node_name_1940
9606	node_id_1941	node_name_1941
9606	node_id_1942	node_name_1942
9606	node_id_1943	node_name_1943
9606	node_id_1944	node_name_1944
9606	node_id_1945	node_name_1945
9606	node_id_1946	node_name_1946
9606	node_id_1947	node_name_1947
9606	node_id_1948	node_name_1948
9606	node_id_1949	node_name_1949
9606	node_id_1950	node_name_1950
9606	node_id_1951	node_name_1951
9606	node_id_1952	node_name_1952
9606	node_id_1953	node_name_1953
9606	node_id_1954	node_name_1954
9606	node_id_1955	node_name_1955
9606	node_id_1956	node_name_1956
9606	node_id_1957	node_name_1957
9606	node_id_1958	node_name_1958
9606	node_id_1959	node_name_1959
9606	node_id_1960	node_name_1960
9606	node_id_1961	node_name_1961
9606	node_id_1962	node_name_1962
9606	node_id_1963	node_name_1963
9606	node_id_1964	node_name_1964
9606	node_id_1965	node_name_1965
9606	node_id_1966	node_name_1966
9606	node_id_1967	node_name_1967
9606	node_id_1968	node_name_1968
9606	node_id_1969	node_name_1969
9606	node_id_1970	node_name_1970
9606	node_id_1971	node_name_1971
9606	node_id_1972	node_name_1972
9606	node_id_1973	node_name_1973
9606	node_id_1974	node_name_1974
9606	node_id_1975	node_name_1975
9606	node_id_1976	node_name_1976
9606	node_id_1977	node_name_1977
9606	node_id_1978	node_name_1978
9606	node_id_1979	node_name_1979
9606	node_id_1980	node_name_1980
9606	node_id_1981	node_name_1981
9606	node_id_1982	node_name_1982
9606	node_id_1983	node_name_1983
9606	node_id_1984	node_name_1984
9606	node_id_1985	node_name_1985
9606	node_id_1986	node_name_1986
9606	node_id_1987	node_name_1987
9606	node_id_1988	node_name_1988
9606	node_id_1989	node_name_1989
9606	node_id_1990	node_name_1990
9606	node_id_1991	node_name_1991
9606	node_id_1992	node_name_1992
9606	node_id_1993	node_name_1993
9606	node_id_1994	node_name_1994
9606	node_id_1995	node_name_1995
9606	node_id_1996	node_name_1996
9606	node_id_1997	node_name_1997
9606	node_id_1998	node_name_1998
9606	node_id_1999	node_name_1999
9606	node_id_2000	node_name_2000
9606	node_id_2001	node_name_2001
9606	node_id_2002	node_name_2002
9606	node_id_2003	node_name_2003
9606	node_id_2004	node_name_2004
9606	node_id_2005	node_name_2005
9606	node_id_2006	node_name_2006
9606	node_id_2007	node_name_2007
9606	node_id_2008	node_name_2008
9606	node_id_2009	node_name_2009
9606	node_id_2010	node_name_2010
9606	node_id_2011	node_name_2011
9606	node_id_2012	node_name_2012
9606	node_id_2013	node_name_2013
9606	node_id_2014	node_name_2014
9606	node_id_2015	node_name_2015
9606	node_id_2016	node_name_2016
9606	node_id_2017	node_name_2017
9606	node_id_2018	node_name_2018
9606	node_id_2019	node_name_2019
9606	node_id_2020	node_name_2020
9606	node_id_2021	node_name_2021
9606	node_id_2022	node_name_2022
9606	node_id_2023	node_name_2023
9606	node_id_2024	node_name_2024
9606	node_id_2025	node_name_2025
9606	node_id_2026	node_name_2026
9606	node_id_2027	node_name_2027
9606	node_id_2028	node_name_2028
9606	node_id_2029	node_name_2029
9606	node_id_2030	node_name_2030
9606	node_id_2031	node_name_2031
9606	node_id_2032	node_name_2032
9606	node_id_2033	node_name_2033
9606	node_id_2034	node_name_2034
9606	node_id_2035	node_name_2035
9606	node_id_2036	node_name_2036
9606	node_id_2037	node_name_2037
9606	node_id_2038	node_name_2038
9606	node_id_2039	node_name_2039
9606	node_id_2040	node_name_2040
9606	node_id_2041	node_name_2041
9606	node_id_2042	node_name_2042
9606	node_id_2043	node_name_2043
9606	node_id_2044	node_name_2044
9606	node_id_2045	node_name_2045
9606	node_id_2046	node_name_2046
9606	node_id_2047	node_name_2047
9606	node_id_2048	node_name_2048
9606	node_id_2049	node_name_2049
9606	node_id_2050	node_name_2050
9606	node_id_2051	node_name_2051
9606	node_id_2052	node_name_2052
9606	node_id_2053	node_name_2053
9606	node_id_2054	node_name_2054
9606	node_id_2055	node_name_2055
9606	node_id_2056	node_name_2056
9606	node_id_2057	node_name_2057
9606	node_id_2058	node_name_2058
9606	node_id_2059	node_name_2059
9606	node_id_2060	node_name_2060
9606	node_id_2061	node_name_2061
9606	node_id_2062	node_name_2062
9606	node_id_2063	node_name_2063
9606	node_id_2064	node_name_2064
9606	node_id_2065	node_name_2065
9606	node_id_2066	node_name_2066
9606	node_id_2067	node_name_2067
9606	node_id_2068	node_name_2068
9606	node_id_2069	node_name_2069
9606	node_id_2070	node_name_2070
9606	node_id_2071	node_name_2071
9606	node_id_2072	node_name_2072
9606	node_id_2073	node_name_2073
9606	node_id_2074	node_name_2074
9606	node_id_2075	node_name_2075
9606	node_id_2076	node_name_2076
9606	node_id_2077	node_name_2077
9606	node_id_2078	node_name_2078
9606	node_id_2079	node_name_2079
9606	node_id_2080	node_name_2080
9606	node_id_2081	node_name_2081
9606	node_id_2082	node_name_2082
9606	node_id_2083	node_name_2083
9606	node_id_2084	node_name_2084
9606	node_id_2085	node_name_2085
9606	node_id_2086	node_name_2086
9606	node_id_2087	node_name_2087
9606	node_id_2088	node_name_2088
9606	node_id_2089	node_name_2089
9606	node_id_2090	node_name_2090
9606	node_id_2091	node_name_2091
9606	node_id_2092	node_name_2092
9606	node_id_2093	node_name_2093
9606	node_id_2094	node_name_2094
9606	node_id_2095	node_name_2095
9606	node_id_2096	node_name_2096
9606	node_id_2097	node_name_2097
9606	node_id_2098	node_name_2098
9606	node_id_2099	node_name_2099
9606	node_id_2100	node_name_2100
9606	node_id_2101	node_name_2101
9606	node_id_2102	node_name_2102
9606	node_id_2103	node_name_2103
9606	node_id_2104	node_name_2104
9606	node_id_2105	node_name_2105
9606	node_id_2106	node_name_2106
9606	node_id_2107	node_name_2107
9606	node_id_2108	node_name_2108
9606	node_id_2109	node_name_2109
9606	node_id_2110	node_name_2110
9606	node_id_2111	node_name_2111
9606	node_id_2112	node_name_2112
9606	node_id_2113	node_name_2113
9606	node_id_2114	node_name_2114
9606	node_id_2115	node_name_2115
9606	node_id_2116	node_name_2116
9606	node_id_2117	node_name_2117
9606	node_id_2118	node_name_2118
9606	node_id_2119	node_name_2119
9606	node_id_2120	node_name_2120
9606	node_id_2121	node_name_2121
9606	node_id_2122	node_name_2122
9606	node_id_2123	node_name_2123
9606	node_id_2124	node_name_2124
9606	node_id_2125	node_name_2125
9606	node_id_2126	node_name_2126
9606	node_id_2127	node_name_2127
9606	node_id_2128	node_name_2128
9606	node_id_2129	node_name_2129
9606	node_id_2130	node_name_2130
9606	node_id_2131	node_name_2131
9606	node_id_2132	node_name_2132
9606	node_id_2133	node_name_2133
9606	node_id_2134	node_name_2134
9606	node_id_2135	node_name_2135
9606	node_id_2136	node_name_2136
9606	node_id_2137	node_name_2137
9606	node_id_2138	node_name_2138
9606	node_id_2139	node_name_2139
9606	node_id_2140	node_name_2140
9606	node_id_2141	node_name_2141
9606	node_id_2142	node_name_2142
9606	node_id_2143	node_name_2143
9606	node_id_2144	node_name_2144
9606	node_id_2145	node_name_2145
9606	node_id_2146	node_name_2146
9606	node_id_2147	node_name_2147
9606	node_id_2148	node_name_2148
9606	node_id_2149	node_name_2149
9606	node_id_2150	node_name_2150
9606	node_id_2151	node_name_2151
9606	node_id_2152	node_name_2152
9606	node_id_2153	node_name_2153
9606	node_id_2154	node_name_2154
9606	node_id_2155	node_name_2155
9606	node_id_2156	node_name_2156
9606	node_id_2157	node_name_2157
9606	node_id_2158	node_name_2158
9606	node_id_2159	node_name_2159
9606	node_id_2160	node_name_2160
9606	node_id_2161	node_name_2161
9606	node_id_2162	node_name_2162
9606	node_id_2163	node_name_2163
9606	node_id_2164	node_name_2164
9606	node_id_2165	node_name_2165
9606	node_id_2166	node_name_2166
9606	node_id_2167	node_name_2167
9606	node_id_2168	node_name_2168
9606	node_id_2169	node_name_2169
9606	node_id_2170	node_name_2170
9606	node_id_2171	node_name_2171
9606	node_id_2172	node_name_2172
9606	node_id_2173	node_name_2173
9606	node_id_2174	node_name_2174
9606	node_id_2175	node_name_2175
9606	node_id_2176	node_name_2176
9606	node_id_2177	node_name_2177
9606	node_id_2178	node_name_2178
9606	node_id_2179	node_name_2179
9606	node_id_2180	node_name_2180
9606	node_id_2181	node_name_2181
9606	node_id_2182	node_name_2182
9606	node_id_2183	node_name_2183
9606	node_id_2184	node_name_2184
9606	node_id_2185	node_name_2185
9606	node_id_2186	node_name_2186
9606	node_id_2187	node_name_2187
9606	node_id_2188	node_name_2188
9606	node_id_2189	node_name_2189
9606	node_id_2190	node_name_2190
9606	node_id_2191	node_name_2191
9606	node_id_2192	node_name_2192
9606	node_id_2193	node_name_2193
9606	node_id_2194	node_name_2194
9606	node_id_2195	node_name_2195
9606	node_id_2196	node_name_2196
9606	node_id_2197	node_name_2197
9606	node_id_2198	node_name_2198
9606	node_id_2199	node_name_2199
9606	node_id_2200	node_name_2200
9606	node_id_2201	node_name_2201
9606	node_id_2202	node_name_2202
9606	node_id_2203	node_name_2203
9606	node_id_2204	node_name_2204
9606	node_id_2205	node_name_2205
9606	node_id_2206	node_name_2206
9606	node_id_2207	node_name_2207
9606	node_id_2208	node_name_2208
9606	node_id_2209	node_name_2209
9606	node_id_2210	node_name_2210
9606	node_id_2211	node_name_2211
9606	node_id_2212	node_name_2212
9606	node_id_2213	node_name_2213
9606	node_id_2214	node_name_2214
9606	node_id_2215	node_name_2215
9606	node_id_2216	node_name_2216
9606	node_id_2217	node_name_2217
9606	node_id_2218	node_name_2218
9606	node_id_2219	node_name_2219
9606	node_id_2220	node_name_2220
9606	node_id_2221	node_name_2221
9606	node_id_2222	node_name_2222
9606	node_id_2223	node_name_2223
9606	node_id_2224	node_name_2224
9606	node_id_2225	node_name_2225
9606	node_id_2226	node_name_2226
9606	node_id_2227	node_name_2227
9606	node_id_2228	node_name_2228
9606	node_id_2229	node_name_2229
9606	node_id_2230	node_name_2230
9606	node_id_2231	node_name_2231
9606	node_id_2232	node_name_2232
9606	node_id_2233	node_name_2233
9606	node_id_2234	node_name_2234
9606	node_id_2235	node_name_2235
9606	node_id_2236	node_name_2236
9606	node_id_2237	node_name_2237
9606	node_id_2238	node_name_2238
9606	node_id_2239	node_name_2239
9606	node_id_2240	node_name_2240
9606	node_id_2241	node_name_2241
9606	node_id_2242	node_name_2242
9606	node_id_2243	node_name_2243
9606	node_id_2244	node_name_2244
9606	node_id_2245	node_name_2245
9606	node_id_2246	node_name_2246
9606	node_id_2247	node_name_2247
9606	node_id_2248	node_name_2248
9606	node_id_2249	node_name_2249
9606	node_id_2250	node_name_2250
9606	node_id_2251	node_name_2251
9606	node_id_2252	node_name_2252
9606	node_id_2253	node_name_2253
9606	node_id_2254	node_name_2254
9606	node_id_2255	node_name_2255
9606	node_id_2256	node_name_2256
9606	node_id_2257	node_name_2257
9606	node_id_2258	node_name_2258
9606	node_id_2259	node_name_2259
9606	node_id_2260	node_name_2260
9606	node_id_2261	node_name_2261
9606	node_id_2262	node_name_2262
9606	node_id_2263	node_name_2263
9606	node_id_2264	node_name_2264
9606	node_id_2265	node_name_2265
9606	node_id_2266	node_name_2266
9606	node_id_2267	node_name_2267
9606	node_id_2268	node_name_2268
9606	node_id_2269	node_name_2269
9606	node_id_2270	node_name_2270
9606	node_id_2271	node_name_2271
9606	node_id_2272	node_name_2272
9606	node_id_2273	node_name_2273
9606	node_id_2274	node_name_2274
9606	node_id_2275	node_name_2275
9606	node_id_2276	node_name_2276
9606	node_id_2277	node_name_2277
9606	node_id_2278	node_name_2278
9606	node_id_2279	node_name_2279
9606	node_id_2280	node_name_2280
9606	node_id_2281	node_name_2281
9606	node_id_2282	node_name_2282
9606	node_id_2283	node_name_2283
9606	node_id_2284	node_name_2284
9606	node_id_2285	node_name_2285
9606	node_id_2286	node_name_2286
9606	node_id_2287	node_name_2287
9606	node_id_2288	node_name_2288
9606	node_id_2289	node_name_2289
9606	node_id_2290	node_name_2290
9606	node_id_2291	node_name_2291
9606	node_id_2292	node_name_2292
9606	node_id_2293	node_name_2293
9606	node_id_2294	node_name_2294
9606	node_id_2295	node_name_2295
9606	node_id_2296	node_name_2296
9606	node_id_2297	node_name_2297
9606	node_id_2298	node_name_2298
9606	node_id_2299	node_name_2299
9606	node_id_2300	node_name_2300
9606	node_id_2301	node_name_2301
9606	node_id_2302	node_name_2302
9606	node_id_2303	node_name_2303
9606	node_id_2304	node_name_2304
9606	node_id_2305	node_name_2305
9606	node_id_2306	node_name_2306
9606	node_id_2307	node_name_2307
9606	node_id_2308	node_name_2308
9606	node_id_2309	node_name_2309
9606	node_id_2310	node_name_2310
9606	node_id_2311	node_name_2311
9606	node_id_2312	node_name_2312
9606	node_id_2313	node_name_2313
9606	node_id_2314	node_name_2314
9606	node_id_2315	node_name_2315
9606	node_id_2316	node_name_2316
9606	node_id_2317	node_name_2317
9606	node_id_2318	node_name_2318
9606	node_id_2319	node_name_2319
9606	node_id_2320	node_name_2320
9606	node_id_2321	node_name_2321
9606	node_id_2322	node_name_2322
9606	node_id_2323	node_name_2323
9606	node_id_2324	node_name_2324
9606	node_id_2325	node_name_2325
9606	node_id_2326	node_name_2326
9606	node_id_2327	node_name_2327
9606	node_id_2328	node_name_2328
9606	node_id_2329	node_name_2329
9606	node_id_2330	node_name_2330
9606	node_id_2331	node_name_2331
9606	node_id_2332	node_name_2332
9606	node_id_2333	node_name_2333
9606	node_id_2334	node_name_2334
9606	node_id_2335	node_name_2335
9606	node_id_2336	node_name_2336
9606	node_id_2337	node_name_2337
9606	node_id_2338	node_name_2338
9606	node_id_2339	node_name_2339
9606	node_id_2340	node_name_2340
9606	node_id_2341	node_name_2341
9606	node_id_2342	node_name_2342
9606	node_id_2343	node_name_2343
9606	node_id_2344	node_name_2344
9606	node_id_2345	node_name_2345
9606	node_id_2346	node_name_2346
9606	node_id_2347	node_name_2347
9606	node_id_2348	node_name_2348
9606	node_id_2349	node_name_2349
9606	node_id_2350	node_name_2350
9606	node_id_2351	node_name_2351
9606	node_id_2352	node_name_2352
9606	node_id_2353	node_name_2353
9606	node_id_2354	node_name_2354
9606	node_id_2355	node_name_2355
9606	node_id_2356	node_name_2356
9606	node_id_2357	node_name_2357
9606	node_id_2358	node_name_2358
9606	node_id_2359	node_name_2359
9606	node_id_2360	node_name_2360
9606	node_id_2361	node_name_2361
9606	node_id_2362	node_name_2362
9606	node_id_2363	node_name_2363
9606	node_id_2364	node_name_2364
9606	node_id_2365	node_name_2365
9606	node_id_2366	node_name_2366
9606	node_id_2367	node_name_2367
9606	node_id_2368	node_name_2368
9606	node_id_2369	node_name_2369
9606	node_id_2370	node_name_2370
9606	node_id_2371	node_name_2371
9606	node_id_2372	node_name_2372
9606	node_id_2373	node_name_2373
9606	node_id_2374	node_name_2374
9606	node_id_2375	node_name_2375
9606	node_id_2376	node_name_2376
9606	node_id_2377	node_name_2377
9606	node_id_2378	node_name_2378
9606	node_id_2379	node_name_2379
9606	node_id_2380	node_name_2380
9606	node_id_2381	node_name_2381
9606	node_id_2382	node_name_2382
9606	node_id_2383	node_name_2383
9606	node_id_2384	node_name_2384
9606	node_id_2385	node_name_2385
9606	node_id_2386	node_name_2386
9606	node_id_2387	node_name_2387
9606	node_id_2388	node_name_2388
9606	node_id_2389	node_name_2389
9606	node_id_2390	node_name_2390
9606	node_id_2391	node_name_2391
9606	node_id_2392	node_name_2392
9606	node_id_2393	node_name_2393
9606	node_id_2394	node_name_2394
9606	node_id_2395	node_name_2395
9606	node_id_2396	node_name_2396
9606	node_id_2397	node_name_2397
9606	node_id_2398	node_name_2398
9606	node_id_2399	node_name_2399
9606	node_id_2400	node_name_2400
9606	node_id_2401	node_name_2401
9606	node_id_2402	node_name_2402
9606	node_id_2403	node_name_2403
9606	node_id_2404	node_name_2404
9606	node_id_2405	node_name_2405
9606	node_id_2406	node_name_2406
9606	node_id_2407	node_name_2407
9606	node_id_2408	node_name_2408
9606	node_id_2409	node_name_2409
9606	node_id_2410	node_name_2410
9606	node_id_2411	node_name_2411
9606	node_id_2412	node_name_2412
9606	node_id_2413	node_name_2413
9606	node_id_2414	node_name_2414
9606	node_id_2415	node_name_2415
9606	node_id_2416	node_name_2416
9606	node_id_2417	node_name_2417
9606	node_id_2418	node_name_2418
9606	node_id_2419	node_name_2419
9606	node_id_2420	node_name_2420
9606	node_id_2421	node_name_2421
9606	node_id_2422	node_name_2422
9606	node_id_2423	node_name_2423
9606	node_id_2424	node_name_2424
9606	node_id_2425	node_name_2425
9606	node_id_2426	node_name_2426
9606	node_id_2427	node_name_2427
9606	node_id_2428	node_name_2428
9606	node_id_2429	node_name_2429
9606	node_id_2430	node_name_2430
9606	node_id_2431	node_name_2431
9606	node_id_2432	node_name_2432
9606	node_id_2433	node_name_2433
9606	node_id_2434	node_name_2434
9606	node_id_2435	node_name_2435
9606	node_id_2436	node_name_2436
9606	node_id_2437	node_name_2437
9606	node_id_2438	node_name_2438
9606	node_id_2439	node_name_2439
9606	node_id_2440	node_name_2440
9606	node_id_2441	node_name_2441
9606	node_id_2442	node_name_2442
9606	node_id_2443	node_name_2443
9606	node_id_2444	node_name_2444
9606	node_id_2445	node_name_2445
9606	node_id_2446	node_name_2446
9606	node_id_2447	node_name_2447
9606	node_id_2448	node_name_2448
9606	node_id_2449	node_name_2449
9606	node_id_2450	node_name_2450
9606	node_id_2451	node_name_2451
9606	node_id_2452	node_name_2452
9606	node_id_2453	node_name_2453
9606	node_id_2454	node_name_2454
9606	node_id_2455	node_name_2455
9606	node_id_2456	node_name_2456
9606	node_id_2457	node_name_2457
9606	node_id_2458	node_name_2458
9606	node_id_2459	node_name_2459
9606	node_id_2460	node_name_2460
9606	node_id_2461	node_name_2461
9606	node_id_2462	node_name_2462
9606	node_id_2463	node_name_2463
9606	node_id_2464	node_name_2464
9606	node_id_2465	node_name_2465
9606	node_id_2466	node_name_2466
9606	node_id_2467	node_name_2467
9606	node_id_2468	node_name_2468
9606	node_id_2469	node_name_2469
9606	node_id_2470	node_name_2470
9606	node_id_2471	node_name_2471
9606	node_id_2472	node_name_2472
9606	node_id_2473	node_name_2473
9606	node_id_2474	node_name_2474
9606	node_id_2475	node_name_2475
9606	node_id_2476	node_name_2476
9606	node_id_2477	node_name_2477
9606	node_id_2478	node_name_2478
9606	node_id_2479	node_name_2479
9606	node_id_2480	node_name_2480
9606	node_id_2481	node_name_2481
9606	node_id_2482	node_name_2482
9606	node_id_2483	node_name_2483
9606	node_id_2484	node_name_2484
9606	node_id_2485	node_name_2485
9606	node_id_2486	node_name_2486
9606	node_id_2487	node_name_2487
9606	node_id_2488	node_name_2488
9606	node_id_2489	node_name_2489
9606	node_id_2490	node_name_2490
9606	node_id_2491	node_name_2491
9606	node_id_2492	node_name_2492
9606	node_id_2493	node_name_2493
9606	node_id_2494	node_name_2494
9606	node_id_2495	node_name_2495
9606	node_id_2496	node_name_2496
9606	node_id_2497	node_name_2497
9606	node_id_2498	node_name_2498
9606	node_id_2499	node_name_2499
9606	node_id_2500	node_name_2500
9606	node_id_2501	node_name_2501
9606	node_id_2502	node_name_2502
9606	node_id_2503	node_name_2503
9606	node_id_2504	node_name_2504
9606	node_id_2505	node_name_2505
9606	node_id_2506	node_name_2506
9606	node_id_2507	node_name_2507
9606	node_id_2508	node_name_2508
9606	node_id_2509	node_name_2509
9606	node_id_2510	node_name_2510
9606	node_id_2511	node_name_2511
9606	node_id_2512	node_name_2512
9606	node_id_2513	node_name_2513
9606	node_id_2514	node_name_2514
9606	node_id_2515	node_name_2515
9606	node_id_2516	node_name_2516
9606	node_id_2517	node_name_2517
9606	node_id_2518	node_name_2518
9606	node_id_2519	node_name_2519
9606	node_id_2520	node_name_2520
9606	node_id_2521	node_name_2521
9606	node_id_2522	node_name_2522
9606	node_id_2523	node_name_2523
9606	node_id_2524	node_name_2524
9606	node_id_2525	node_name_2525
9606	node_id_2526	node_name_2526
9606	node_id_2527	node_name_2527
9606	node_id_2528	node_name_2528
9606	node_id_2529	node_name_2529
9606	node_id_2530	node_name_2530
9606	node_id_2531	node_name_2531
9606	node_id_2532	node_name_2532
9606	node_id_2533	node_name_2533
9606	node_id_2534	node_name_2534
9606	node_id_2535	node_name_2535
9606	node_id_2536	node_name_2536
9606	node_id_2537	node_name_2537
9606	node_id_2538	node_name_2538
9606	node_id_2539	node_name_2539
9606	node_id_2540	node_name_2540
9606	node_id_2541	node_name_2541
9606	node_id_2542	node_name_2542
9606	node_id_2543	node_name_2543
9606	node_id_2544	node_name_2544
9606	node_id_2545	node_name_2545
9606	node_id_2546	node_name_2546
9606	node_id_2547	node_name_2547
9606	node_id_2548	node_name_2548
9606	node_id_2549	node_name_2549
9606	node_id_2550	node_name_2550
9606	node_id_2551	node_name_2551
9606	node_id_2552	node_name_2552
9606	node_id_2553	node_name_2553
9606	node_id_2554	node_name_2554
9606	node_id_2555	node_name_2555
9606	node_id_2556	node_name_2556
9606	node_id_2557	node_name_2557
9606	node_id_2558	node_name_2558
9606	node_id_2559	node_name_2559
9606	node_id_2560	node_name_2560
9606	node_id_2561	node_name_2561
9606	node_id_2562	node_name_2562
9606	node_id_2563	node_name_2563
9606	node_id_2564	node_name_2564
9606	node_id_2565	node_name_2565
9606	node_id_2566	node_name_2566
9606	node_id_2567	node_name_2567
9606	node_id_2568	node_name_2568
9606	node_id_2569	node_name_2569
9606	node_id_2570	node_name_2570
9606	node_id_2571	node_name_2571
9606	node_id_2572	node_name_2572
9606	node_id_2573	node_name_2573
9606	node_id_2574	node_name_2574
9606	node_id_2575	node_name_2575
9606	node_id_2576	node_name_2576
9606	node_id_2577	node_name_2577
9606	node_id_2578	node_name_2578
9606	node_id_2579	node_name_2579
9606	node_id_2580	node_name_2580
9606	node_id_2581	node_name_2581
9606	node_id_2582	node_name_2582
9606	node_id_2583	node_name_2583
9606	node_id_2584	node_name_2584
9606	node_id_2585	node_name_2585
9606	node_id_2586	node_name_2586
9606	node_id_2587	node_name_2587
9606	node_id_2588	node_name_2588
9606	node_id_2589	node_name_2589
9606	node_id_2590	node_name_2590
9606	node_id_2591	node_name_2591
9606	node_id_2592	node_name_2592
9606	node_id_2593	node_name_2593
9606	node_id_2594	node_name_2594
9606	node_id_2595	node_name_2595
9606	node_id_2596	node_name_2596
9606	node_id_2597	node_name_2597
9606	node_id_2598	node_name_2598
9606	node_id_2599	node_name_2599
9606	node_id_2600	node_name_2600
9606	node_id_2601	node_name_2601
9606	node_id_2602	node_name_2602
9606	node_id_2603	node_name_2603
9606	node_id_2604	node_name_2604
9606	node_id_2605	node_name_2605
9606	node_id_2606	node_name_2606
9606	node_id_2607	node_name_2607
9606	node_id_2608	node_name_2608
9606	node_id_2609	node_name_2609
9606	node_id_2610	node_name_2610
9606	node_id_2611	node_name_2611
9606	node_id_2612	node_name_2612
9606	node_id_2613	node_name_2613
9606	node_id_2614	node_name_2614
9606	node_id_2615	node_name_2615
9606	node_id_2616	node_name_2616
9606	node_id_2617	node_name_2617
9606	node_id_2618	node_name_2618
9606	node_id_2619	node_name_2619
9606	node_id_2620	node_name_2620
9606	node_id_2621	node_name_2621
9606	node_id_2622	node_name_2622
9606	node_id_2623	node_name_2623
9606	node_id_2624	node_name_2624
9606	node_id_2625	node_name_2625
9606	node_id_2626	node_name_2626
9606	node_id_2627	node_name_2627
9606	node_id_2628	node_name_2628
9606	node_id_2629	node_name_2629
9606	node_id_2630	node_name_2630
9606	node_id_2631	node_name_2631
9606	node_id_2632	node_name_2632
9606	node_id_2633	node_name_2633
9606	node_id_2634	node_name_2634
9606	node_id_2635	node_name_2635
9606	node_id_2636	node_name_2636
9606	node_id_2637	node_name_2637
9606	node_id_2638	node_name_2638
9606	node_id_2639	node_name_2639
9606	node_id_2640	node_name_2640
9606	node_id_2641	node_name_2641
9606	node_id_2642	node_name_2642
9606	node_id_2643	node_name_2643
9606	node_id_2644	node_name_2644
9606	node_id_2645	node_name_2645
9606	node_id_2646	node_name_2646
9606	node_id_2647	node_name_2647
9606	node_id_2648	node_name_2648
9606	node_id_2649	node_name_2649
9606	node_id_2650	node_name_2650
9606	node_id_2651	node_name_2651
9606	node_id_2652	node_name_2652
9606	node_id_2653	node_name_2653
9606	node_id_2654	node_name_2654
9606	node_id_2655	node_name_2655
9606	node_id_2656	node_name_2656
9606	node_id_2657	node_name_2657
9606	node_id_2658	node_name_2658
9606	node_id_2659	node_name_2659
9606	node_id_2660	node_name_2660
9606	node_id_2661	node_name_2661
9606	node_id_2662	node_name_2662
9606	node_id_2663	node_name_2663
9606	node_id_2664	node_name_2664
9606	node_id_2665	node_name_2665
9606	node_id_2666	node_name_2666
9606	node_id_2667	node_name_2667
9606	node_id_2668	node_name_2668
9606	node_id_2669	node_name_2669
9606	node_id_2670	node_name_2670
9606	node_id_2671	node_name_2671
9606	node_id_2672	node_name_2672
9606	node_id_2673	node_name_2673
9606	node_id_2674	node_name_2674
9606	node_id_2675	node_name_2675
9606	node_id_2676	node_name_2676
9606	node_id_2677	node_name_2677
9606	node_id_2678	node_name_2678
9606	node_id_2679	node_name_2679
9606	node_id_2680	node_name_2680
9606	node_id_2681	node_name_2681
9606	node_id_2682	node_name_2682
9606	node_id_2683	node_name_2683
9606	node_id_2684	node_name_2684
9606	node_id_2685	node_name_2685
9606	node_id_2686	node_name_2686
9606	node_id_2687	node_name_2687
9606	node_id_2688	node_name_2688
9606	node_id_2689	node_name_2689
9606	node_id_2690	node_name_2690
9606	node_id_2691	node_name_2691
9606	node_id_2692	node_name_2692
9606	node_id_2693	node_name_2693
9606	node_id_2694	node_name_2694
9606	node_id_2695	node_name_2695
9606	node_id_2696	node_name_2696
9606	node_id_2697	node_name_2697
9606	node_id_2698	node_name_2698
9606	node_id_2699	node_name_2699
9606	node_id_2700	node_name_2700
9606	node_id_2701	node_name_2701
9606	node_id_2702	node_name_2702
9606	node_id_2703	node_name_2703
9606	node_id_2704	node_name_2704
9606	node_id_2705	node_name_2705
9606	node_id_2706	node_name_2706
9606	node_id_2707	node_name_2707
