"from","to","id"
"node_id_1461","node_id_744","""11969"""
"node_id_1221","node_id_2762","""42290"""
"node_id_1221","node_id_3219","""42838"""
"node_id_2853","node_id_656","""69043"""
"node_id_2853","node_id_2180","""69548"""
"node_id_2994","node_id_3043","""83842"""
"node_id_2994","node_id_1284","""83843"""
"node_id_2994","node_id_3742","""83923"""
"node_id_2994","node_id_2590","""84233"""
"node_id_2994","node_id_3233","""84283"""
"node_id_2994","node_id_4291","""84289"""
"node_id_2994","node_id_4165","""84305"""
"node_id_2994","node_id_968","""84366"""
"node_id_2994","node_id_1814","""84543"""
"node_id_2994","node_id_3429","""84585"""
"node_id_3496","node_id_11","""94116"""
"node_id_2334","node_id_3117","""103325"""
"node_id_3211","node_id_130","""111758"""
"node_id_1380","node_id_2459","""117700"""
"node_id_1466","node_id_3182","""167197"""
"node_id_2816","node_id_662","""191194"""
"node_id_2816","node_id_3335","""191214"""
"node_id_2816","node_id_2854","""191881"""
"node_id_2816","node_id_2363","""192188"""
"node_id_2816","node_id_3712","""192365"""
"node_id_2816","node_id_3253","""192883"""
"node_id_2816","node_id_2345","""193024"""
"node_id_2082","node_id_0","""204249"""
"node_id_2082","node_id_1384","""204278"""
"node_id_662","node_id_3335","""251448"""
"node_id_662","node_id_1311","""251547"""
"node_id_662","node_id_2816","""251687"""
"node_id_662","node_id_2363","""252159"""
"node_id_662","node_id_3712","""252289"""
"node_id_662","node_id_3253","""252631"""
"node_id_662","node_id_2345","""252743"""
"node_id_3067","node_id_2855","""268582"""
"node_id_1698","node_id_2634","""280467"""
"node_id_1698","node_id_3167","""281302"""
"node_id_1755","node_id_4231","""282075"""
"node_id_3856","node_id_2375","""282372"""
"node_id_3856","node_id_1964","""283109"""
"node_id_3856","node_id_261","""283612"""
"node_id_3856","node_id_1001","""283724"""
"node_id_3856","node_id_2858","""283834"""
"node_id_1648","node_id_3411","""302840"""
"node_id_4352","node_id_2826","""306425"""
"node_id_1135","node_id_752","""327799"""
"node_id_2826","node_id_4352","""368380"""
"node_id_807","node_id_3769","""390765"""
"node_id_807","node_id_1978","""391836"""
"node_id_418","node_id_1554","""412973"""
"node_id_418","node_id_3536","""413489"""
"node_id_418","node_id_4380","""413529"""
"node_id_418","node_id_3682","""413611"""
"node_id_418","node_id_2727","""413622"""
"node_id_1316","node_id_2932","""425295"""
"node_id_1056","node_id_871","""441243"""
"node_id_1056","node_id_915","""441924"""
"node_id_1056","node_id_2086","""442040"""
"node_id_1056","node_id_1036","""442302"""
"node_id_1709","node_id_4249","""457956"""
"node_id_1709","node_id_811","""458002"""
"node_id_1709","node_id_3919","""458035"""
"node_id_1709","node_id_3924","""458115"""
"node_id_1709","node_id_168","""458134"""
"node_id_1709","node_id_4423","""458334"""
"node_id_1709","node_id_3897","""458443"""
"node_id_1709","node_id_3878","""458492"""
"node_id_1709","node_id_4336","""458567"""
"node_id_1709","node_id_822","""458763"""
"node_id_1709","node_id_3609","""458770"""
"node_id_1709","node_id_4012","""459023"""
"node_id_1709","node_id_1906","""459213"""
"node_id_1709","node_id_1708","""459266"""
"node_id_1709","node_id_1573","""459497"""
"node_id_3864","node_id_3873","""471617"""
"node_id_3864","node_id_1584","""471628"""
"node_id_3157","node_id_170","""479965"""
"node_id_3935","node_id_3929","""491826"""
"node_id_1270","node_id_2644","""493236"""
"node_id_2646","node_id_3697","""504388"""
"node_id_958","node_id_3558","""515089"""
"node_id_958","node_id_48","""515273"""
"node_id_2012","node_id_4012","""517678"""
"node_id_2012","node_id_1708","""517909"""
"node_id_2012","node_id_2350","""517925"""
"node_id_2012","node_id_1070","""518292"""
"node_id_2932","node_id_1316","""518525"""
"node_id_2932","node_id_3807","""519158"""
"node_id_2932","node_id_3776","""519802"""
"node_id_3317","node_id_1336","""530134"""
"node_id_3866","node_id_2590","""568873"""
"node_id_3866","node_id_3727","""569399"""
"node_id_257","node_id_3624","""579046"""
"node_id_3776","node_id_2932","""589856"""
"node_id_464","node_id_3663","""602142"""
"node_id_1284","node_id_2830","""618634"""
"node_id_1284","node_id_3043","""618681"""
"node_id_1284","node_id_1921","""618769"""
"node_id_1284","node_id_1251","""618830"""
"node_id_1284","node_id_3742","""618855"""
"node_id_1284","node_id_4404","""619036"""
"node_id_1284","node_id_2590","""619460"""
"node_id_1284","node_id_3233","""619552"""
"node_id_1284","node_id_4291","""619567"""
"node_id_1284","node_id_4165","""619611"""
"node_id_1284","node_id_968","""619727"""
"node_id_1284","node_id_2994","""619760"""
"node_id_1284","node_id_2510","""620002"""
"node_id_1284","node_id_1814","""620087"""
"node_id_1284","node_id_3429","""620174"""
"node_id_1284","node_id_349","""620264"""
"node_id_1284","node_id_3727","""620275"""
"node_id_3697","node_id_2646","""624117"""
"node_id_3360","node_id_3346","""627322"""
"node_id_3608","node_id_1563","""641125"""
"node_id_2766","node_id_1547","""647705"""
"node_id_2766","node_id_2854","""648854"""
"node_id_1515","node_id_2213","""658527"""
"node_id_1515","node_id_2130","""658568"""
"node_id_1515","node_id_4125","""658685"""
"node_id_4333","node_id_3110","""670783"""
"node_id_3526","node_id_803","""702598"""
"node_id_3526","node_id_1683","""702757"""
"node_id_2210","node_id_2949","""706590"""
"node_id_2210","node_id_2032","""706848"""
"node_id_2210","node_id_316","""706890"""
"node_id_2210","node_id_173","""707037"""
"node_id_2210","node_id_749","""707134"""
"node_id_3751","node_id_3366","""734752"""
"node_id_3751","node_id_3232","""735032"""
"node_id_3751","node_id_829","""735135"""
"node_id_3751","node_id_4441","""735220"""
"node_id_3751","node_id_1459","""735318"""
"node_id_3751","node_id_1180","""735620"""
"node_id_3931","node_id_1068","""740084"""
"node_id_3931","node_id_4241","""740126"""
"node_id_3931","node_id_1556","""740191"""
"node_id_3931","node_id_1681","""740293"""
"node_id_3931","node_id_3062","""741077"""
"node_id_3506","node_id_1429","""745335"""
"node_id_3506","node_id_911","""745387"""
"node_id_3506","node_id_2430","""745643"""
"node_id_3506","node_id_1534","""745761"""
"node_id_3506","node_id_2674","""745992"""
"node_id_3506","node_id_3040","""746377"""
"node_id_4336","node_id_822","""758488"""
"node_id_4336","node_id_3609","""758495"""
"node_id_4336","node_id_4249","""758673"""
"node_id_4336","node_id_811","""758711"""
"node_id_4336","node_id_3919","""758739"""
"node_id_4336","node_id_4012","""758766"""
"node_id_4336","node_id_3924","""758833"""
"node_id_4336","node_id_168","""758864"""
"node_id_4336","node_id_1709","""758962"""
"node_id_4336","node_id_1906","""758967"""
"node_id_4336","node_id_1708","""759030"""
"node_id_4336","node_id_4423","""759091"""
"node_id_4336","node_id_1573","""759261"""
"node_id_4336","node_id_3878","""759298"""
"node_id_1429","node_id_3022","""767856"""
"node_id_1429","node_id_911","""768509"""
"node_id_1429","node_id_3506","""768855"""
"node_id_1429","node_id_1534","""768958"""
"node_id_1429","node_id_2674","""769259"""
"node_id_1429","node_id_1227","""769562"""
"node_id_1617","node_id_1990","""772941"""
"node_id_1617","node_id_4310","""773379"""
"node_id_1617","node_id_525","""773433"""
"node_id_287","node_id_3285","""803329"""
"node_id_287","node_id_2288","""803549"""
"node_id_287","node_id_3671","""803675"""
"node_id_287","node_id_4307","""803972"""
"node_id_1534","node_id_3022","""804127"""
"node_id_1534","node_id_1429","""804543"""
"node_id_1534","node_id_3506","""804861"""
"node_id_1534","node_id_1227","""805357"""
"node_id_525","node_id_3854","""828451"""
"node_id_525","node_id_1617","""829147"""
"node_id_2395","node_id_3411","""832359"""
"node_id_970","node_id_2424","""845824"""
"node_id_970","node_id_1114","""846305"""
"node_id_966","node_id_2003","""846616"""
"node_id_4202","node_id_3705","""848962"""
"node_id_4202","node_id_2590","""849111"""
"node_id_4202","node_id_2634","""849130"""
"node_id_4202","node_id_1866","""849573"""
"node_id_4202","node_id_3167","""850058"""
"node_id_2895","node_id_114","""892574"""
"node_id_2895","node_id_4016","""893041"""
"node_id_2355","node_id_869","""897424"""
"node_id_4221","node_id_2414","""919363"""
"node_id_3273","node_id_1874","""929450"""
"node_id_1967","node_id_408","""941476"""
"node_id_1967","node_id_2293","""941760"""
"node_id_2276","node_id_1908","""943607"""
"node_id_2271","node_id_3246","""956550"""
"node_id_2271","node_id_778","""956622"""
"node_id_2271","node_id_3660","""957421"""
"node_id_3924","node_id_822","""966943"""
"node_id_3924","node_id_3609","""966947"""
"node_id_3924","node_id_4249","""967090"""
"node_id_3924","node_id_811","""967114"""
"node_id_3924","node_id_3919","""967134"""
"node_id_3924","node_id_4012","""967151"""
"node_id_3924","node_id_168","""967227"""
"node_id_3924","node_id_1709","""967306"""
"node_id_3924","node_id_1906","""967310"""
"node_id_3924","node_id_1708","""967355"""
"node_id_3924","node_id_4423","""967395"""
"node_id_3924","node_id_1573","""967521"""
"node_id_3924","node_id_3878","""967539"""
"node_id_3924","node_id_4336","""967595"""
"node_id_3924","node_id_131","""967660"""
"node_id_989","node_id_1830","""1010093"""
"node_id_989","node_id_613","""1010246"""
"node_id_3705","node_id_1866","""1013913"""
"node_id_3705","node_id_4202","""1014022"""
"node_id_3705","node_id_2590","""1014263"""
"node_id_3705","node_id_2634","""1014293"""
"node_id_3705","node_id_3167","""1014648"""
"node_id_582","node_id_2529","""1019010"""
"node_id_582","node_id_3827","""1019038"""
"node_id_3612","node_id_3596","""1057822"""
"node_id_3612","node_id_2759","""1058305"""
"node_id_1297","node_id_1430","""1088456"""
"node_id_1297","node_id_3600","""1088502"""
"node_id_1297","node_id_1464","""1088978"""
"node_id_773","node_id_4018","""1117547"""
"node_id_1333","node_id_1487","""1175605"""
"node_id_972","node_id_1167","""1175923"""
"node_id_2463","node_id_3110","""1178707"""
"node_id_2463","node_id_1767","""1179216"""
"node_id_130","node_id_1259","""1187237"""
"node_id_130","node_id_3154","""1187501"""
"node_id_130","node_id_3211","""1187648"""
"node_id_3154","node_id_1259","""1188022"""
"node_id_3154","node_id_130","""1188170"""
"node_id_1384","node_id_950","""1206913"""
"node_id_1384","node_id_0","""1207192"""
"node_id_1384","node_id_2082","""1207347"""
"node_id_401","node_id_761","""1217532"""
"node_id_401","node_id_654","""1217892"""
"node_id_401","node_id_1627","""1217913"""
"node_id_2644","node_id_1574","""1219690"""
"node_id_2644","node_id_1270","""1220120"""
"node_id_173","node_id_2949","""1255047"""
"node_id_173","node_id_2032","""1255270"""
"node_id_173","node_id_316","""1255302"""
"node_id_173","node_id_2210","""1255335"""
"node_id_173","node_id_749","""1255516"""
"node_id_1779","node_id_2590","""1263123"""
"node_id_3227","node_id_1044","""1276966"""
"node_id_3227","node_id_3159","""1277964"""
"node_id_3227","node_id_2579","""1278065"""
"node_id_1002","node_id_3805","""1282374"""
"node_id_1002","node_id_4293","""1282377"""
"node_id_1002","node_id_2739","""1282389"""
"node_id_3385","node_id_2684","""1284440"""
"node_id_2981","node_id_1435","""1310733"""
"node_id_836","node_id_1218","""1322673"""
"node_id_1487","node_id_2556","""1347115"""
"node_id_1487","node_id_1333","""1347888"""
"node_id_2627","node_id_2607","""1370628"""
"node_id_2627","node_id_1199","""1371545"""
"node_id_2803","node_id_4349","""1372966"""
"node_id_2821","node_id_1932","""1384664"""
"node_id_2414","node_id_4221","""1392660"""
"node_id_802","node_id_3946","""1409817"""
"node_id_802","node_id_3155","""1409836"""
"node_id_802","node_id_1521","""1410042"""
"node_id_841","node_id_624","""1414037"""
"node_id_1476","node_id_893","""1415291"""
"node_id_2956","node_id_1782","""1420171"""
"node_id_2956","node_id_1108","""1421352"""
"node_id_2717","node_id_822","""1430471"""
"node_id_2717","node_id_1906","""1430979"""
"node_id_2717","node_id_4423","""1431108"""
"node_id_2717","node_id_1573","""1431289"""
"node_id_2717","node_id_3878","""1431326"""
"node_id_2717","node_id_3415","""1431475"""
"node_id_2717","node_id_131","""1431494"""
"node_id_571","node_id_4390","""1439804"""
"node_id_571","node_id_1115","""1440007"""
"node_id_571","node_id_2234","""1440226"""
"node_id_571","node_id_3331","""1440843"""
"node_id_2215","node_id_2990","""1450719"""
"node_id_2215","node_id_2976","""1450805"""
"node_id_1574","node_id_2644","""1458955"""
"node_id_1574","node_id_386","""1459225"""
"node_id_3702","node_id_3365","""1468694"""
"node_id_1516","node_id_187","""1475614"""
"node_id_1516","node_id_4270","""1475762"""
"node_id_4036","node_id_3823","""1493547"""
"node_id_3308","node_id_2052","""1525195"""
"node_id_2739","node_id_1002","""1528435"""
"node_id_2739","node_id_3805","""1528484"""
"node_id_2739","node_id_4293","""1528486"""
"node_id_1528","node_id_638","""1555998"""
"node_id_477","node_id_4087","""1556865"""
"node_id_477","node_id_2551","""1556983"""
"node_id_3600","node_id_1430","""1558253"""
"node_id_3600","node_id_1297","""1558412"""
"node_id_3600","node_id_1464","""1558461"""
"node_id_749","node_id_2949","""1577944"""
"node_id_749","node_id_2032","""1578142"""
"node_id_749","node_id_316","""1578179"""
"node_id_749","node_id_2210","""1578215"""
"node_id_749","node_id_173","""1578317"""
"node_id_2074","node_id_3203","""1579466"""
"node_id_2074","node_id_2877","""1579669"""
"node_id_2074","node_id_3361","""1579903"""
"node_id_1174","node_id_3518","""1590547"""
"node_id_1174","node_id_4056","""1590885"""
"node_id_1174","node_id_2892","""1591230"""
"node_id_201","node_id_893","""1619103"""
"node_id_1459","node_id_3232","""1624739"""
"node_id_1459","node_id_2524","""1624862"""
"node_id_1459","node_id_3751","""1624932"""
"node_id_1459","node_id_1180","""1625228"""
"node_id_4166","node_id_144","""1650386"""
"node_id_4166","node_id_2877","""1650428"""
"node_id_4166","node_id_4422","""1650602"""
"node_id_4390","node_id_260","""1653829"""
"node_id_4390","node_id_1626","""1653901"""
"node_id_4390","node_id_2234","""1654046"""
"node_id_4390","node_id_1138","""1654099"""
"node_id_4390","node_id_2928","""1654224"""
"node_id_4390","node_id_3446","""1654305"""
"node_id_4390","node_id_3657","""1654401"""
"node_id_4390","node_id_571","""1654414"""
"node_id_4390","node_id_3331","""1654508"""
"node_id_4390","node_id_2428","""1654527"""
"node_id_3415","node_id_822","""1659969"""
"node_id_3415","node_id_4249","""1660063"""
"node_id_3415","node_id_811","""1660074"""
"node_id_3415","node_id_3919","""1660084"""
"node_id_3415","node_id_4012","""1660099"""
"node_id_3415","node_id_1906","""1660191"""
"node_id_3415","node_id_1708","""1660223"""
"node_id_3415","node_id_4423","""1660247"""
"node_id_3415","node_id_1573","""1660321"""
"node_id_3415","node_id_3878","""1660334"""
"node_id_3415","node_id_2717","""1660385"""
"node_id_1246","node_id_2623","""1669796"""
"node_id_1246","node_id_218","""1669863"""
"node_id_1246","node_id_2844","""1669986"""
"node_id_1246","node_id_3051","""1670008"""
"node_id_1246","node_id_3110","""1670282"""
"node_id_1246","node_id_1637","""1670571"""
"node_id_2376","node_id_2556","""1678460"""
"node_id_2376","node_id_3659","""1681036"""
"node_id_803","node_id_3526","""1682933"""
"node_id_803","node_id_1683","""1682969"""
"node_id_3660","node_id_2271","""1686862"""
"node_id_3756","node_id_2003","""1705210"""
"node_id_2392","node_id_2337","""1709340"""
"node_id_1464","node_id_1430","""1709977"""
"node_id_1464","node_id_3600","""1710026"""
"node_id_1464","node_id_1297","""1710424"""
"node_id_1710","node_id_1226","""1711883"""
"node_id_3062","node_id_1068","""1715229"""
"node_id_3062","node_id_4241","""1715286"""
"node_id_3062","node_id_1556","""1715367"""
"node_id_3062","node_id_1681","""1715488"""
"node_id_3062","node_id_3931","""1715536"""
"node_id_601","node_id_1025","""1738584"""
"node_id_601","node_id_4078","""1738719"""
"node_id_601","node_id_545","""1739093"""
"node_id_838","node_id_3723","""1767916"""
"node_id_893","node_id_201","""1768399"""
"node_id_893","node_id_1476","""1768422"""
"node_id_893","node_id_1262","""1768610"""
"node_id_174","node_id_512","""1773392"""
"node_id_174","node_id_4075","""1773478"""
"node_id_174","node_id_3766","""1774039"""
"node_id_174","node_id_2990","""1774397"""
"node_id_174","node_id_2673","""1774683"""
"node_id_174","node_id_2659","""1775268"""
"node_id_267","node_id_3518","""1780550"""
"node_id_3742","node_id_3043","""1781241"""
"node_id_3742","node_id_2590","""1781575"""
"node_id_3742","node_id_4291","""1781618"""
"node_id_3742","node_id_1814","""1781836"""
"node_id_3742","node_id_3429","""1781869"""
"node_id_3742","node_id_1284","""1782010"""
"node_id_3742","node_id_1251","""1782061"""
"node_id_3742","node_id_4165","""1782367"""
"node_id_3742","node_id_2994","""1782425"""
"node_id_689","node_id_2038","""1804135"""
"node_id_2101","node_id_170","""1832870"""
"node_id_1729","node_id_2003","""1838825"""
"node_id_2879","node_id_2278","""1848886"""
"node_id_3073","node_id_763","""1878653"""
"node_id_3073","node_id_2593","""1878862"""
"node_id_3040","node_id_2320","""1894287"""
"node_id_3040","node_id_3506","""1894462"""
"node_id_2184","node_id_2489","""1896127"""
"node_id_2184","node_id_3398","""1896528"""
"node_id_1851","node_id_1311","""1914654"""
"node_id_1851","node_id_1227","""1915690"""
"node_id_324","node_id_3272","""1927131"""
"node_id_324","node_id_2890","""1927524"""
"node_id_324","node_id_309","""1927608"""
"node_id_324","node_id_1718","""1927611"""
"node_id_2396","node_id_1932","""1936298"""
"node_id_3704","node_id_1935","""1943031"""
"node_id_397","node_id_899","""1971017"""
"node_id_1717","node_id_916","""1984068"""
"node_id_2849","node_id_3110","""1994449"""
"node_id_1403","node_id_1876","""1998507"""
"node_id_3749","node_id_2811","""2004176"""
"node_id_3749","node_id_2138","""2004300"""
"node_id_3749","node_id_4450","""2004402"""
"node_id_3749","node_id_3835","""2004537"""
"node_id_3812","node_id_3459","""2020198"""
"node_id_3812","node_id_2556","""2020338"""
"node_id_1377","node_id_3110","""2034103"""
"node_id_1377","node_id_3459","""2034182"""
"node_id_3335","node_id_662","""2036099"""
"node_id_3335","node_id_2816","""2036338"""
"node_id_3335","node_id_2363","""2036755"""
"node_id_3335","node_id_3712","""2036859"""
"node_id_3335","node_id_3253","""2037185"""
"node_id_1068","node_id_4241","""2039610"""
"node_id_1068","node_id_1556","""2039653"""
"node_id_1068","node_id_1681","""2039744"""
"node_id_1068","node_id_3931","""2039771"""
"node_id_1068","node_id_3062","""2040277"""
"node_id_4209","node_id_1518","""2042265"""
"node_id_386","node_id_1014","""2043982"""
"node_id_386","node_id_1574","""2043997"""
"node_id_1708","node_id_822","""2056705"""
"node_id_1708","node_id_3609","""2056717"""
"node_id_1708","node_id_4249","""2056997"""
"node_id_1708","node_id_811","""2057055"""
"node_id_1708","node_id_3919","""2057110"""
"node_id_1708","node_id_4012","""2057148"""
"node_id_1708","node_id_3924","""2057248"""
"node_id_1708","node_id_168","""2057302"""
"node_id_1708","node_id_1709","""2057435"""
"node_id_1708","node_id_1906","""2057441"""
"node_id_1708","node_id_4423","""2057628"""
"node_id_1708","node_id_2012","""2057669"""
"node_id_1708","node_id_3897","""2057839"""
"node_id_1708","node_id_1573","""2057871"""
"node_id_1708","node_id_3878","""2057925"""
"node_id_1708","node_id_252","""2058037"""
"node_id_1708","node_id_4336","""2058069"""
"node_id_1708","node_id_3415","""2058158"""
"node_id_1708","node_id_1070","""2058263"""
"node_id_1683","node_id_803","""2068403"""
"node_id_1683","node_id_3526","""2068687"""
"node_id_2038","node_id_689","""2085693"""
"node_id_2844","node_id_1246","""2102230"""
"node_id_2844","node_id_218","""2102258"""
"node_id_2844","node_id_3004","""2102474"""
"node_id_2844","node_id_1637","""2102559"""
"node_id_2844","node_id_2623","""2102778"""
"node_id_2844","node_id_3051","""2102878"""
"node_id_1140","node_id_2593","""2104252"""
"node_id_3671","node_id_287","""2104479"""
"node_id_2439","node_id_2556","""2105753"""
"node_id_2439","node_id_3147","""2106530"""
"node_id_2439","node_id_551","""2108005"""
"node_id_3984","node_id_3008","""2111544"""
"node_id_213","node_id_2449","""2117485"""
"node_id_384","node_id_3967","""2120375"""
"node_id_1336","node_id_3317","""2122437"""
"node_id_3352","node_id_3766","""2135077"""
"node_id_1735","node_id_3110","""2140172"""
"node_id_3464","node_id_2300","""2145335"""
"node_id_3459","node_id_3812","""2148416"""
"node_id_3459","node_id_3586","""2148895"""
"node_id_3459","node_id_1377","""2149600"""
"node_id_3763","node_id_3423","""2156152"""
"node_id_3253","node_id_662","""2160023"""
"node_id_3253","node_id_3335","""2160034"""
"node_id_3253","node_id_2816","""2160259"""
"node_id_3253","node_id_1050","""2160569"""
"node_id_3253","node_id_2363","""2160674"""
"node_id_3253","node_id_3712","""2160794"""
"node_id_3253","node_id_2345","""2161210"""
"node_id_2674","node_id_3022","""2170125"""
"node_id_2674","node_id_1429","""2170351"""
"node_id_2674","node_id_911","""2170375"""
"node_id_2674","node_id_3506","""2170518"""
"node_id_3446","node_id_4390","""2180010"""
"node_id_3446","node_id_260","""2180118"""
"node_id_3446","node_id_2551","""2180594"""
"node_id_3446","node_id_3331","""2180601"""
"node_id_3446","node_id_1626","""2180925"""
"node_id_3446","node_id_2234","""2181027"""
"node_id_3446","node_id_2928","""2181174"""
"node_id_3992","node_id_2556","""2185419"""
"node_id_3992","node_id_1248","""2188673"""
"node_id_2003","node_id_966","""2201107"""
"node_id_2003","node_id_1729","""2201198"""
"node_id_2003","node_id_3756","""2201229"""
"node_id_4167","node_id_2160","""2202486"""
"node_id_1994","node_id_1876","""2206492"""
"node_id_1994","node_id_1872","""2206493"""
"node_id_1876","node_id_1403","""2206855"""
"node_id_1876","node_id_1944","""2206919"""
"node_id_1876","node_id_1994","""2207237"""
"node_id_2345","node_id_3712","""2220370"""
"node_id_2345","node_id_662","""2220450"""
"node_id_2345","node_id_1311","""2220541"""
"node_id_2345","node_id_2816","""2220675"""
"node_id_2345","node_id_3253","""2220689"""
"node_id_2345","node_id_1227","""2220889"""
"node_id_614","node_id_1783","""2234962"""
"node_id_614","node_id_446","""2236410"""
"node_id_2579","node_id_1044","""2248289"""
"node_id_2579","node_id_11","""2248959"""
"node_id_2579","node_id_3227","""2249265"""
"node_id_3022","node_id_1429","""2252692"""
"node_id_3022","node_id_911","""2252719"""
"node_id_3022","node_id_1534","""2252936"""
"node_id_3022","node_id_2674","""2253072"""
"node_id_1611","node_id_1978","""2259863"""
"node_id_1611","node_id_3540","""2259902"""
"node_id_3669","node_id_3925","""2265338"""
"node_id_3349","node_id_3043","""2275339"""
"node_id_3349","node_id_4404","""2275454"""
"node_id_3349","node_id_2590","""2275580"""
"node_id_3349","node_id_4291","""2275620"""
"node_id_3349","node_id_968","""2275667"""
"node_id_3349","node_id_2830","""2275909"""
"node_id_3349","node_id_1921","""2275942"""
"node_id_3349","node_id_3436","""2276325"""
"node_id_3349","node_id_2510","""2276344"""
"node_id_1353","node_id_618","""2283411"""
"node_id_1980","node_id_2160","""2308260"""
"node_id_11","node_id_1044","""2311209"""
"node_id_11","node_id_3496","""2311742"""
"node_id_11","node_id_3159","""2312149"""
"node_id_11","node_id_2579","""2312243"""
"node_id_1972","node_id_939","""2314430"""
"node_id_256","node_id_1352","""2318701"""
"node_id_1554","node_id_418","""2320180"""
"node_id_1554","node_id_4380","""2320346"""
"node_id_1554","node_id_3682","""2320370"""
"node_id_1554","node_id_3536","""2320598"""
"node_id_1554","node_id_2727","""2320657"""
"node_id_3723","node_id_4156","""2331926"""
"node_id_3723","node_id_1566","""2332196"""
"node_id_3723","node_id_3779","""2332221"""
"node_id_3723","node_id_2430","""2332245"""
"node_id_3723","node_id_3542","""2332253"""
"node_id_3723","node_id_838","""2332780"""
"node_id_399","node_id_901","""2353042"""
"node_id_3630","node_id_2590","""2369999"""
"node_id_3630","node_id_4291","""2370032"""
"node_id_3630","node_id_968","""2370079"""
"node_id_3630","node_id_1814","""2370203"""
"node_id_3630","node_id_3429","""2370225"""
"node_id_3630","node_id_4165","""2370592"""
"node_id_2253","node_id_1789","""2379552"""
"node_id_72","node_id_1115","""2403660"""
"node_id_2990","node_id_1012","""2409129"""
"node_id_2990","node_id_3203","""2410792"""
"node_id_2990","node_id_1299","""2411616"""
"node_id_2990","node_id_2976","""2412818"""
"node_id_2990","node_id_174","""2413065"""
"node_id_2990","node_id_2117","""2413507"""
"node_id_2990","node_id_4335","""2414000"""
"node_id_2990","node_id_2215","""2414100"""
"node_id_2990","node_id_2877","""2414420"""
"node_id_1248","node_id_3992","""2426472"""
"node_id_1521","node_id_3946","""2463221"""
"node_id_1521","node_id_3155","""2463239"""
"node_id_1521","node_id_802","""2463940"""
"node_id_1521","node_id_1638","""2464312"""
"node_id_2928","node_id_4390","""2472271"""
"node_id_2928","node_id_260","""2472376"""
"node_id_2928","node_id_1626","""2472438"""
"node_id_2928","node_id_2234","""2472573"""
"node_id_2928","node_id_1138","""2472626"""
"node_id_2928","node_id_3446","""2472807"""
"node_id_2928","node_id_3331","""2473007"""
"node_id_3632","node_id_1921","""2476559"""
"node_id_3632","node_id_1801","""2476577"""
"node_id_3632","node_id_4291","""2476933"""
"node_id_1341","node_id_2032","""2510458"""
"node_id_942","node_id_2467","""2510924"""
"node_id_4307","node_id_287","""2535681"""
"node_id_2854","node_id_2816","""2550627"""
"node_id_2854","node_id_2766","""2551162"""
"node_id_2854","node_id_3331","""2551309"""
"node_id_2854","node_id_4105","""2551403"""
"node_id_2854","node_id_1626","""2551895"""
"node_id_2854","node_id_380","""2552039"""
"node_id_2854","node_id_2237","""2552594"""
"node_id_2854","node_id_193","""2552697"""
"node_id_3182","node_id_1466","""2588878"""
"node_id_2556","node_id_3812","""2601781"""
"node_id_2556","node_id_2376","""2604682"""
"node_id_2556","node_id_3992","""2604758"""
"node_id_2556","node_id_2439","""2605592"""
"node_id_2556","node_id_1487","""2605948"""
"node_id_480","node_id_1932","""2652159"""
"node_id_480","node_id_2192","""2653768"""
"node_id_1042","node_id_3893","""2667499"""
"node_id_2375","node_id_3856","""2668337"""
"node_id_2375","node_id_1964","""2668674"""
"node_id_2375","node_id_261","""2668943"""
"node_id_3455","node_id_1444","""2673551"""
"node_id_3203","node_id_2074","""2676633"""
"node_id_3203","node_id_3338","""2676655"""
"node_id_3203","node_id_1712","""2676710"""
"node_id_3203","node_id_911","""2677332"""
"node_id_3203","node_id_1468","""2677468"""
"node_id_3203","node_id_2990","""2678038"""
"node_id_3203","node_id_4335","""2678674"""
"node_id_3203","node_id_4177","""2678776"""
"node_id_3203","node_id_2877","""2678883"""
"node_id_3203","node_id_4332","""2679164"""
"node_id_1344","node_id_321","""2682636"""
"node_id_1344","node_id_3590","""2682795"""
"node_id_1344","node_id_280","""2682847"""
"node_id_1861","node_id_2969","""2720389"""
"node_id_1861","node_id_3959","""2720593"""
"node_id_656","node_id_2180","""2734030"""
"node_id_656","node_id_2853","""2734098"""
"node_id_4113","node_id_3103","""2763045"""
"node_id_1944","node_id_1876","""2788788"""
"node_id_2103","node_id_1115","""2793600"""
"node_id_2103","node_id_1804","""2793945"""
"node_id_2103","node_id_2829","""2794312"""
"node_id_1405","node_id_871","""2815932"""
"node_id_1405","node_id_2590","""2816610"""
"node_id_3071","node_id_3447","""2817524"""
"node_id_4056","node_id_1174","""2821515"""
"node_id_2428","node_id_4390","""2872513"""
"node_id_1199","node_id_2607","""2880250"""
"node_id_1199","node_id_2627","""2880271"""
"node_id_1199","node_id_1647","""2880617"""
"node_id_1199","node_id_2836","""2881099"""
"node_id_3778","node_id_3635","""2890664"""
"node_id_4016","node_id_4033","""2908646"""
"node_id_4016","node_id_114","""2908820"""
"node_id_4016","node_id_2895","""2909186"""
"node_id_4016","node_id_4045","""2909564"""
"node_id_4016","node_id_1370","""2909622"""
"node_id_3331","node_id_4390","""2946226"""
"node_id_3331","node_id_260","""2946319"""
"node_id_3331","node_id_2854","""2946611"""
"node_id_3331","node_id_3446","""2946653"""
"node_id_3331","node_id_2055","""2946972"""
"node_id_3331","node_id_1626","""2947144"""
"node_id_3331","node_id_602","""2947228"""
"node_id_3331","node_id_380","""2947245"""
"node_id_3331","node_id_2234","""2947256"""
"node_id_3331","node_id_1540","""2947272"""
"node_id_3331","node_id_2928","""2947408"""
"node_id_3331","node_id_3442","""2947470"""
"node_id_3331","node_id_571","""2947561"""
"node_id_545","node_id_1025","""2953249"""
"node_id_545","node_id_601","""2953257"""
"node_id_3766","node_id_4075","""2956748"""
"node_id_3766","node_id_174","""2957703"""
"node_id_3766","node_id_3352","""2957811"""
"node_id_3766","node_id_2109","""2958286"""
"node_id_1018","node_id_1173","""2963351"""
"node_id_3346","node_id_3360","""2968050"""
"node_id_967","node_id_990","""2970606"""
"node_id_170","node_id_2101","""2995600"""
"node_id_170","node_id_3157","""2996446"""
"node_id_170","node_id_288","""2996537"""
"node_id_1520","node_id_3366","""3014221"""
"node_id_1520","node_id_3910","""3015160"""
"node_id_2582","node_id_4020","""3044958"""
"node_id_4187","node_id_336","""3064216"""
"node_id_168","node_id_822","""3064510"""
"node_id_168","node_id_3609","""3064515"""
"node_id_168","node_id_4249","""3064658"""
"node_id_168","node_id_811","""3064683"""
"node_id_168","node_id_3919","""3064708"""
"node_id_168","node_id_4012","""3064725"""
"node_id_168","node_id_3924","""3064778"""
"node_id_168","node_id_1709","""3064880"""
"node_id_168","node_id_1906","""3064883"""
"node_id_168","node_id_1708","""3064925"""
"node_id_168","node_id_4423","""3064972"""
"node_id_168","node_id_1573","""3065101"""
"node_id_168","node_id_3878","""3065124"""
"node_id_168","node_id_4336","""3065198"""
"node_id_4061","node_id_2467","""3073886"""
"node_id_2192","node_id_1932","""3094099"""
"node_id_2192","node_id_480","""3094354"""
"node_id_1835","node_id_1440","""3106292"""
"node_id_2926","node_id_3147","""3107594"""
"node_id_2926","node_id_2202","""3107900"""
"node_id_2926","node_id_551","""3108305"""
"node_id_2819","node_id_3558","""3111522"""
"node_id_2819","node_id_696","""3111594"""
"node_id_2819","node_id_2062","""3111684"""
"node_id_2344","node_id_700","""3112258"""
"node_id_1262","node_id_893","""3144305"""
"node_id_2800","node_id_2897","""3155042"""
"node_id_1001","node_id_3856","""3187038"""
"node_id_1001","node_id_1964","""3187309"""
"node_id_1001","node_id_2858","""3187648"""
"node_id_48","node_id_958","""3205423"""
"node_id_4362","node_id_4086","""3207148"""
"node_id_4362","node_id_2529","""3207457"""
"node_id_4362","node_id_3827","""3207494"""
"node_id_3175","node_id_2293","""3217447"""
"node_id_2293","node_id_1967","""3255375"""
"node_id_2293","node_id_3175","""3255972"""
"node_id_3449","node_id_2337","""3262356"""
"node_id_1626","node_id_4390","""3283795"""
"node_id_1626","node_id_4355","""3284109"""
"node_id_1626","node_id_2854","""3284243"""
"node_id_1626","node_id_3446","""3284299"""
"node_id_1626","node_id_3331","""3284492"""
"node_id_1626","node_id_2055","""3284659"""
"node_id_1626","node_id_318","""3284962"""
"node_id_1626","node_id_602","""3284986"""
"node_id_1626","node_id_380","""3285008"""
"node_id_1626","node_id_2234","""3285019"""
"node_id_1626","node_id_1540","""3285030"""
"node_id_1626","node_id_2928","""3285180"""
"node_id_1626","node_id_3442","""3285251"""
"node_id_1258","node_id_2537","""3292962"""
"node_id_2855","node_id_3067","""3294953"""
"node_id_3540","node_id_1978","""3312160"""
"node_id_3540","node_id_1611","""3312192"""
"node_id_3609","node_id_822","""3314527"""
"node_id_3609","node_id_4249","""3314697"""
"node_id_3609","node_id_811","""3314722"""
"node_id_3609","node_id_3919","""3314742"""
"node_id_3609","node_id_4012","""3314763"""
"node_id_3609","node_id_3924","""3314824"""
"node_id_3609","node_id_168","""3314849"""
"node_id_3609","node_id_1709","""3314936"""
"node_id_3609","node_id_1906","""3314940"""
"node_id_3609","node_id_1708","""3314985"""
"node_id_3609","node_id_4423","""3315028"""
"node_id_3609","node_id_1573","""3315161"""
"node_id_3609","node_id_3878","""3315191"""
"node_id_3609","node_id_4336","""3315275"""
"node_id_904","node_id_1653","""3315527"""
"node_id_904","node_id_3275","""3315561"""
"node_id_4270","node_id_1516","""3332446"""
"node_id_4270","node_id_187","""3332502"""
"node_id_3624","node_id_257","""3343861"""
"node_id_3624","node_id_2373","""3344261"""
"node_id_3624","node_id_2920","""3344423"""
"node_id_2829","node_id_1115","""3349868"""
"node_id_2829","node_id_1890","""3349898"""
"node_id_2829","node_id_1879","""3349954"""
"node_id_2829","node_id_1804","""3350102"""
"node_id_2829","node_id_2103","""3350811"""
"node_id_2829","node_id_3116","""3351145"""
"node_id_4249","node_id_822","""3362895"""
"node_id_4249","node_id_3609","""3362899"""
"node_id_4249","node_id_811","""3363095"""
"node_id_4249","node_id_3919","""3363121"""
"node_id_4249","node_id_4012","""3363141"""
"node_id_4249","node_id_3924","""3363221"""
"node_id_4249","node_id_168","""3363246"""
"node_id_4249","node_id_1709","""3363329"""
"node_id_4249","node_id_1906","""3363335"""
"node_id_4249","node_id_1708","""3363400"""
"node_id_4249","node_id_4423","""3363457"""
"node_id_4249","node_id_1573","""3363603"""
"node_id_4249","node_id_3878","""3363632"""
"node_id_4249","node_id_4336","""3363705"""
"node_id_4249","node_id_3415","""3363758"""
"node_id_1767","node_id_2463","""3366539"""
"node_id_4423","node_id_822","""3377672"""
"node_id_4423","node_id_3609","""3377676"""
"node_id_4423","node_id_4249","""3377825"""
"node_id_4423","node_id_811","""3377851"""
"node_id_4423","node_id_3919","""3377877"""
"node_id_4423","node_id_4012","""3377899"""
"node_id_4423","node_id_3924","""3377944"""
"node_id_4423","node_id_168","""3377973"""
"node_id_4423","node_id_1709","""3378060"""
"node_id_4423","node_id_1906","""3378064"""
"node_id_4423","node_id_1708","""3378111"""
"node_id_4423","node_id_1573","""3378261"""
"node_id_4423","node_id_3878","""3378295"""
"node_id_4423","node_id_2717","""3378361"""
"node_id_4423","node_id_4336","""3378369"""
"node_id_4423","node_id_3415","""3378410"""
"node_id_4423","node_id_131","""3378426"""
"node_id_4332","node_id_3203","""3386212"""
"node_id_4332","node_id_911","""3386253"""
"node_id_2326","node_id_408","""3405705"""
"node_id_3769","node_id_807","""3412503"""
"node_id_3827","node_id_582","""3442123"""
"node_id_3827","node_id_4086","""3442930"""
"node_id_3827","node_id_4362","""3443045"""
"node_id_3827","node_id_2529","""3443266"""
"node_id_261","node_id_3856","""3453897"""
"node_id_261","node_id_3720","""3453937"""
"node_id_261","node_id_1964","""3454097"""
"node_id_261","node_id_2375","""3454395"""
"node_id_261","node_id_786","""3454855"""
"node_id_4330","node_id_2314","""3465041"""
"node_id_4330","node_id_2759","""3465788"""
"node_id_4045","node_id_4016","""3467336"""
"node_id_4045","node_id_4033","""3467338"""
"node_id_4045","node_id_1370","""3467591"""
"node_id_2554","node_id_1623","""3469354"""
"node_id_2554","node_id_3511","""3469438"""
"node_id_187","node_id_4270","""3471647"""
"node_id_187","node_id_1516","""3471749"""
"node_id_2300","node_id_3464","""3489729"""
"node_id_1053","node_id_3266","""3505688"""
"node_id_3398","node_id_2184","""3512271"""
"node_id_3398","node_id_2489","""3512276"""
"node_id_3398","node_id_805","""3512301"""
"node_id_3398","node_id_1124","""3512382"""
"node_id_1219","node_id_4012","""3552041"""
"node_id_1219","node_id_1906","""3552249"""
"node_id_1219","node_id_2350","""3552326"""
"node_id_1219","node_id_3878","""3552563"""
"node_id_3643","node_id_1511","""3553748"""
"node_id_858","node_id_3010","""3564255"""
"node_id_349","node_id_3043","""3574270"""
"node_id_349","node_id_1284","""3574272"""
"node_id_349","node_id_1251","""3574362"""
"node_id_349","node_id_2590","""3574774"""
"node_id_349","node_id_4291","""3574841"""
"node_id_349","node_id_4165","""3574863"""
"node_id_349","node_id_968","""3574941"""
"node_id_349","node_id_1814","""3575164"""
"node_id_3739","node_id_3629","""3576463"""
"node_id_3739","node_id_2005","""3576933"""
"node_id_3739","node_id_3197","""3577429"""
"node_id_400","node_id_3205","""3612111"""
"node_id_400","node_id_233","""3612743"""
"node_id_2234","node_id_4390","""3613879"""
"node_id_2234","node_id_260","""3613973"""
"node_id_2234","node_id_3446","""3614317"""
"node_id_2234","node_id_2551","""3614487"""
"node_id_2234","node_id_3331","""3614494"""
"node_id_2234","node_id_1626","""3614810"""
"node_id_2234","node_id_602","""3614889"""
"node_id_2234","node_id_1138","""3614964"""
"node_id_2234","node_id_2928","""3615068"""
"node_id_2234","node_id_571","""3615231"""
"node_id_2977","node_id_3873","""3654356"""
"node_id_1804","node_id_1115","""3679176"""
"node_id_1804","node_id_1890","""3679201"""
"node_id_1804","node_id_1879","""3679282"""
"node_id_1804","node_id_2103","""3679427"""
"node_id_1804","node_id_2829","""3679881"""
"node_id_1190","node_id_901","""3700524"""
"node_id_869","node_id_2355","""3707127"""
"node_id_2920","node_id_3624","""3730153"""
"node_id_2405","node_id_843","""3737709"""
"node_id_901","node_id_1190","""3752976"""
"node_id_901","node_id_399","""3753703"""
"node_id_264","node_id_988","""3769304"""
"node_id_264","node_id_1634","""3769347"""
"node_id_3589","node_id_1322","""3782453"""
"node_id_3925","node_id_3669","""3792772"""
"node_id_1921","node_id_2830","""3797564"""
"node_id_1921","node_id_3043","""3797586"""
"node_id_1921","node_id_1284","""3797587"""
"node_id_1921","node_id_3632","""3797599"""
"node_id_1921","node_id_1801","""3797675"""
"node_id_1921","node_id_3349","""3798060"""
"node_id_1921","node_id_2590","""3798109"""
"node_id_1921","node_id_4291","""3798178"""
"node_id_1921","node_id_4165","""3798205"""
"node_id_1921","node_id_968","""3798303"""
"node_id_1921","node_id_2510","""3798495"""
"node_id_1921","node_id_1814","""3798551"""
"node_id_3547","node_id_2667","""3835468"""
"node_id_3547","node_id_2782","""3835748"""
"node_id_2969","node_id_3405","""3867376"""
"node_id_2969","node_id_2524","""3867414"""
"node_id_2969","node_id_1861","""3867451"""
"node_id_2969","node_id_3213","""3867736"""
"node_id_2969","node_id_3959","""3867756"""
"node_id_2969","node_id_2520","""3867806"""
"node_id_1636","node_id_2121","""3878502"""
"node_id_775","node_id_402","""3893825"""
"node_id_775","node_id_1978","""3894983"""
"node_id_3712","node_id_662","""3897149"""
"node_id_3712","node_id_3335","""3897163"""
"node_id_3712","node_id_2816","""3897426"""
"node_id_3712","node_id_1050","""3897803"""
"node_id_3712","node_id_2363","""3897930"""
"node_id_3712","node_id_3253","""3898438"""
"node_id_3712","node_id_2345","""3898555"""
"node_id_1681","node_id_4414","""3909609"""
"node_id_1681","node_id_1068","""3909782"""
"node_id_1681","node_id_4241","""3909847"""
"node_id_1681","node_id_1556","""3909944"""
"node_id_1681","node_id_3062","""3910193"""
"node_id_1681","node_id_3931","""3910196"""
"node_id_3779","node_id_3723","""3925064"""
"node_id_3779","node_id_2430","""3925681"""
"node_id_3779","node_id_1577","""3925682"""
"node_id_1789","node_id_752","""3933354"""
"node_id_1789","node_id_2253","""3933439"""
"node_id_3285","node_id_287","""3942310"""
"node_id_3919","node_id_822","""3942973"""
"node_id_3919","node_id_3609","""3942979"""
"node_id_3919","node_id_4249","""3943154"""
"node_id_3919","node_id_811","""3943187"""
"node_id_3919","node_id_4012","""3943235"""
"node_id_3919","node_id_3924","""3943305"""
"node_id_3919","node_id_168","""3943337"""
"node_id_3919","node_id_1709","""3943436"""
"node_id_3919","node_id_1906","""3943439"""
"node_id_3919","node_id_1708","""3943493"""
"node_id_3919","node_id_4423","""3943553"""
"node_id_3919","node_id_1573","""3943720"""
"node_id_3919","node_id_3878","""3943746"""
"node_id_3919","node_id_4336","""3943829"""
"node_id_3919","node_id_3415","""3943877"""
"node_id_4183","node_id_2257","""3970772"""
"node_id_3274","node_id_2684","""3975696"""
"node_id_3682","node_id_1554","""4006509"""
"node_id_3682","node_id_418","""4006577"""
"node_id_3682","node_id_3536","""4006868"""
"node_id_3682","node_id_4380","""4006892"""
"node_id_3682","node_id_2727","""4006975"""
"node_id_2623","node_id_1246","""4007529"""
"node_id_2623","node_id_218","""4007572"""
"node_id_2623","node_id_2844","""4007717"""
"node_id_2623","node_id_3051","""4007740"""
"node_id_2623","node_id_1637","""4008406"""
"node_id_2510","node_id_3043","""4059018"""
"node_id_2510","node_id_4404","""4059119"""
"node_id_2510","node_id_3349","""4059233"""
"node_id_2510","node_id_2590","""4059253"""
"node_id_2510","node_id_4291","""4059287"""
"node_id_2510","node_id_968","""4059333"""
"node_id_2510","node_id_2830","""4059567"""
"node_id_2510","node_id_1284","""4059584"""
"node_id_2510","node_id_1921","""4059614"""
"node_id_2510","node_id_3436","""4059961"""
"node_id_1577","node_id_3779","""4062369"""
"node_id_829","node_id_3366","""4072582"""
"node_id_829","node_id_4441","""4072971"""
"node_id_829","node_id_3751","""4073030"""
"node_id_3436","node_id_3043","""4077688"""
"node_id_3436","node_id_3349","""4077972"""
"node_id_3436","node_id_4291","""4078041"""
"node_id_3436","node_id_968","""4078090"""
"node_id_3436","node_id_2830","""4078357"""
"node_id_3436","node_id_2510","""4078850"""
"node_id_1566","node_id_3723","""4080944"""
"node_id_1259","node_id_130","""4082042"""
"node_id_1259","node_id_3154","""4082115"""
"node_id_4222","node_id_4305","""4110859"""
"node_id_638","node_id_3823","""4173050"""
"node_id_638","node_id_1528","""4173279"""
"node_id_3479","node_id_2052","""4179654"""
"node_id_1257","node_id_4177","""4194401"""
"node_id_2535","node_id_3","""4201247"""
"node_id_2535","node_id_4007","""4201284"""
"node_id_2399","node_id_1712","""4208481"""
"node_id_2399","node_id_4127","""4209584"""
"node_id_2399","node_id_4216","""4209627"""
"node_id_655","node_id_3411","""4213892"""
"node_id_1879","node_id_1115","""4225638"""
"node_id_1879","node_id_1890","""4225664"""
"node_id_1879","node_id_1804","""4225957"""
"node_id_1879","node_id_2829","""4226273"""
"node_id_811","node_id_822","""4246074"""
"node_id_811","node_id_3609","""4246078"""
"node_id_811","node_id_4249","""4246197"""
"node_id_811","node_id_3919","""4246234"""
"node_id_811","node_id_4012","""4246254"""
"node_id_811","node_id_3924","""4246299"""
"node_id_811","node_id_168","""4246319"""
"node_id_811","node_id_1709","""4246385"""
"node_id_811","node_id_1906","""4246388"""
"node_id_811","node_id_1708","""4246430"""
"node_id_811","node_id_4423","""4246479"""
"node_id_811","node_id_1573","""4246596"""
"node_id_811","node_id_3878","""4246621"""
"node_id_811","node_id_4336","""4246682"""
"node_id_811","node_id_3415","""4246708"""
"node_id_1652","node_id_2684","""4253030"""
"node_id_2830","node_id_3043","""4283588"""
"node_id_2830","node_id_1284","""4283590"""
"node_id_2830","node_id_1921","""4283636"""
"node_id_2830","node_id_4404","""4283781"""
"node_id_2830","node_id_3349","""4283962"""
"node_id_2830","node_id_2590","""4284002"""
"node_id_2830","node_id_4291","""4284060"""
"node_id_2830","node_id_968","""4284135"""
"node_id_2830","node_id_3436","""4284262"""
"node_id_2830","node_id_2510","""4284298"""
"node_id_2830","node_id_1814","""4284342"""
"node_id_3767","node_id_3524","""4302105"""
"node_id_3767","node_id_1499","""4302360"""
"node_id_3167","node_id_3705","""4304707"""
"node_id_3167","node_id_2590","""4304854"""
"node_id_3167","node_id_1698","""4304857"""
"node_id_3167","node_id_2634","""4304871"""
"node_id_3167","node_id_4202","""4305372"""
"node_id_968","node_id_3043","""4345336"""
"node_id_968","node_id_1801","""4345396"""
"node_id_968","node_id_4404","""4345469"""
"node_id_968","node_id_3630","""4345484"""
"node_id_968","node_id_3349","""4345613"""
"node_id_968","node_id_2590","""4345638"""
"node_id_968","node_id_3233","""4345670"""
"node_id_968","node_id_4291","""4345676"""
"node_id_968","node_id_1814","""4345882"""
"node_id_968","node_id_3429","""4345920"""
"node_id_968","node_id_349","""4345956"""
"node_id_968","node_id_3727","""4345959"""
"node_id_968","node_id_2830","""4346021"""
"node_id_968","node_id_1284","""4346039"""
"node_id_968","node_id_1921","""4346063"""
"node_id_968","node_id_1251","""4346081"""
"node_id_968","node_id_4165","""4346361"""
"node_id_968","node_id_2994","""4346409"""
"node_id_968","node_id_3436","""4346477"""
"node_id_968","node_id_2510","""4346498"""
"node_id_3929","node_id_3935","""4352505"""
"node_id_3972","node_id_2897","""4378142"""
"node_id_3358","node_id_2467","""4384886"""
"node_id_3668","node_id_549","""4413795"""
"node_id_3668","node_id_3880","""4413949"""
"node_id_3668","node_id_4135","""4413970"""
"node_id_3668","node_id_1052","""4414048"""
"node_id_3668","node_id_4212","""4414087"""
"node_id_3668","node_id_1943","""4414123"""
"node_id_3668","node_id_1159","""4414153"""
"node_id_3668","node_id_2836","""4414179"""
"node_id_1801","node_id_3632","""4422315"""
"node_id_1801","node_id_1921","""4422367"""
"node_id_1801","node_id_2590","""4422793"""
"node_id_1801","node_id_4291","""4422862"""
"node_id_1801","node_id_968","""4422963"""
"node_id_2858","node_id_3856","""4437627"""
"node_id_2858","node_id_3720","""4437662"""
"node_id_2858","node_id_1001","""4438165"""
"node_id_2858","node_id_2836","""4438943"""
"node_id_3491","node_id_466","""4445660"""
"node_id_3491","node_id_3337","""4445808"""
"node_id_618","node_id_534","""4469435"""
"node_id_618","node_id_1353","""4469444"""
"node_id_1915","node_id_1595","""4474252"""
"node_id_1915","node_id_2769","""4474846"""
"node_id_2890","node_id_324","""4475194"""
"node_id_2890","node_id_3272","""4475861"""
"node_id_2890","node_id_3590","""4476186"""
"node_id_3103","node_id_4113","""4488471"""
"node_id_1044","node_id_11","""4494556"""
"node_id_1044","node_id_3227","""4494848"""
"node_id_1044","node_id_3159","""4495292"""
"node_id_1044","node_id_2579","""4495418"""
"node_id_3263","node_id_3110","""4513246"""
"node_id_2213","node_id_2418","""4516909"""
"node_id_2213","node_id_2130","""4517367"""
"node_id_2213","node_id_4125","""4517561"""
"node_id_2213","node_id_1515","""4517905"""
"node_id_1463","node_id_1657","""4540468"""
"node_id_2237","node_id_2854","""4542419"""
"node_id_2237","node_id_4335","""4543190"""
"node_id_2813","node_id_3635","""4545442"""
"node_id_2444","node_id_3323","""4546145"""
"node_id_1311","node_id_662","""4586688"""
"node_id_1311","node_id_1851","""4587021"""
"node_id_1311","node_id_2345","""4587637"""
"node_id_1311","node_id_1227","""4587719"""
"node_id_1173","node_id_1018","""4592816"""
"node_id_3361","node_id_2074","""4608494"""
"node_id_3361","node_id_1982","""4608582"""
"node_id_1874","node_id_3273","""4623503"""
"node_id_2017","node_id_581","""4643529"""
"node_id_2759","node_id_3607","""4654917"""
"node_id_2759","node_id_4330","""4656369"""
"node_id_2759","node_id_3612","""4656556"""
"node_id_3219","node_id_1221","""4672465"""
"node_id_3219","node_id_1978","""4672947"""
"node_id_3117","node_id_832","""4681560"""
"node_id_3117","node_id_2334","""4681909"""
"node_id_114","node_id_2895","""4694967"""
"node_id_114","node_id_4016","""4695238"""
"node_id_871","node_id_1056","""4709916"""
"node_id_871","node_id_1036","""4710324"""
"node_id_871","node_id_915","""4710793"""
"node_id_871","node_id_2086","""4710860"""
"node_id_871","node_id_1405","""4711018"""
"node_id_1866","node_id_3705","""4711261"""
"node_id_1866","node_id_2590","""4711375"""
"node_id_1866","node_id_2634","""4711388"""
"node_id_1866","node_id_4202","""4711798"""
"node_id_2489","node_id_2184","""4722104"""
"node_id_2489","node_id_3398","""4722294"""
"node_id_809","node_id_3405","""4732708"""
"node_id_809","node_id_2524","""4732731"""
"node_id_809","node_id_3213","""4732889"""
"node_id_809","node_id_2520","""4732923"""
"node_id_3086","node_id_1715","""4753789"""
"node_id_3086","node_id_763","""4753842"""
"node_id_3086","node_id_2593","""4754132"""
"node_id_3086","node_id_2590","""4754184"""
"node_id_3867","node_id_2828","""4764510"""
"node_id_3867","node_id_1485","""4764814"""
"node_id_2302","node_id_3657","""4768425"""
"node_id_805","node_id_3398","""4777234"""
"node_id_805","node_id_1124","""4777380"""
"node_id_4086","node_id_4362","""4797176"""
"node_id_4086","node_id_3827","""4797324"""
"node_id_2380","node_id_146","""4816524"""
"node_id_1943","node_id_549","""4824501"""
"node_id_1943","node_id_3880","""4824631"""
"node_id_1943","node_id_3668","""4824634"""
"node_id_1943","node_id_4135","""4824650"""
"node_id_1943","node_id_1052","""4824708"""
"node_id_1943","node_id_4212","""4824733"""
"node_id_1943","node_id_1159","""4824765"""
"node_id_1943","node_id_2836","""4824780"""
"node_id_4305","node_id_4222","""4840184"""
"node_id_892","node_id_2449","""4853843"""
"node_id_327","node_id_707","""4953939"""
"node_id_2268","node_id_2337","""4969113"""
"node_id_930","node_id_3787","""5006423"""
"node_id_930","node_id_1749","""5007088"""
"node_id_2288","node_id_287","""5012272"""
"node_id_1047","node_id_4075","""5015918"""
"node_id_1563","node_id_3608","""5019460"""
"node_id_1025","node_id_601","""5050081"""
"node_id_1025","node_id_4078","""5050217"""
"node_id_1025","node_id_3340","""5050436"""
"node_id_1025","node_id_545","""5050601"""
"node_id_1782","node_id_2956","""5083164"""
"node_id_2032","node_id_1341","""5113048"""
"node_id_2032","node_id_2949","""5113144"""
"node_id_2032","node_id_316","""5113490"""
"node_id_2032","node_id_2210","""5113537"""
"node_id_2032","node_id_173","""5113682"""
"node_id_2032","node_id_749","""5113811"""
"node_id_3511","node_id_1623","""5138053"""
"node_id_3511","node_id_2554","""5138223"""
"node_id_2792","node_id_1013","""5158487"""
"node_id_2792","node_id_696","""5158704"""
"node_id_3873","node_id_3864","""5166672"""
"node_id_3873","node_id_2977","""5167667"""
"node_id_3873","node_id_1584","""5167726"""
"node_id_3873","node_id_3477","""5167877"""
"node_id_3536","node_id_1554","""5170119"""
"node_id_3536","node_id_418","""5170178"""
"node_id_3536","node_id_4380","""5170481"""
"node_id_3536","node_id_3682","""5170530"""
"node_id_3536","node_id_2727","""5170980"""
"node_id_1362","node_id_3155","""5194630"""
"node_id_4422","node_id_4166","""5201760"""
"node_id_4422","node_id_144","""5201810"""
"node_id_3727","node_id_4291","""5208957"""
"node_id_3727","node_id_968","""5209030"""
"node_id_3727","node_id_3866","""5209390"""
"node_id_3727","node_id_1284","""5209454"""
"node_id_3727","node_id_1029","""5209749"""
"node_id_2667","node_id_3547","""5218956"""
"node_id_2667","node_id_2782","""5219211"""
"node_id_3521","node_id_3679","""5244330"""
"node_id_1449","node_id_2684","""5291590"""
"node_id_3685","node_id_3064","""5303384"""
"node_id_2861","node_id_3213","""5317614"""
"node_id_752","node_id_1135","""5329156"""
"node_id_752","node_id_1789","""5329807"""
"node_id_2055","node_id_1626","""5332690"""
"node_id_2055","node_id_602","""5332772"""
"node_id_2055","node_id_380","""5332796"""
"node_id_2055","node_id_1540","""5332837"""
"node_id_2055","node_id_3442","""5333065"""
"node_id_2055","node_id_3331","""5333313"""
"node_id_496","node_id_2243","""5365118"""
"node_id_654","node_id_761","""5389366"""
"node_id_654","node_id_401","""5390276"""
"node_id_3596","node_id_3612","""5403083"""
"node_id_3010","node_id_858","""5406238"""
"node_id_1215","node_id_547","""5448756"""
"node_id_1643","node_id_3147","""5451619"""
"node_id_1643","node_id_2202","""5451966"""
"node_id_1643","node_id_551","""5452432"""
"node_id_309","node_id_324","""5457943"""
"node_id_309","node_id_3272","""5458392"""
"node_id_2005","node_id_3739","""5464517"""
"node_id_870","node_id_1208","""5474522"""
"node_id_2117","node_id_2990","""5493745"""
"node_id_945","node_id_939","""5508572"""
"node_id_1180","node_id_3232","""5510409"""
"node_id_1180","node_id_2524","""5510533"""
"node_id_1180","node_id_3751","""5510603"""
"node_id_1180","node_id_1459","""5510643"""
"node_id_343","node_id_1108","""5511607"""
"node_id_4105","node_id_2854","""5513213"""
"node_id_2423","node_id_2541","""5529052"""
"node_id_551","node_id_512","""5550884"""
"node_id_551","node_id_2926","""5550893"""
"node_id_551","node_id_1643","""5551728"""
"node_id_551","node_id_2439","""5551975"""
"node_id_572","node_id_2467","""5555952"""
"node_id_3405","node_id_3959","""5557629"""
"node_id_3405","node_id_809","""5557766"""
"node_id_3405","node_id_2969","""5557836"""
"node_id_1416","node_id_3110","""5562666"""
"node_id_1982","node_id_911","""5572489"""
"node_id_1982","node_id_2430","""5572816"""
"node_id_1982","node_id_3361","""5572867"""
"node_id_1982","node_id_4335","""5573564"""
"node_id_1982","node_id_4177","""5573652"""
"node_id_2636","node_id_3946","""5575714"""
"node_id_2636","node_id_374","""5575718"""
"node_id_1352","node_id_256","""5671031"""
"node_id_1975","node_id_4038","""5682490"""
"node_id_895","node_id_2460","""5720615"""
"node_id_915","node_id_871","""5753616"""
"node_id_915","node_id_1056","""5753810"""
"node_id_915","node_id_2590","""5754159"""
"node_id_915","node_id_1036","""5754460"""
"node_id_915","node_id_2086","""5755311"""
"node_id_252","node_id_4012","""5756297"""
"node_id_252","node_id_1708","""5756593"""
"node_id_252","node_id_3897","""5756851"""
"node_id_2892","node_id_1174","""5764477"""
"node_id_2430","node_id_4156","""5790777"""
"node_id_2430","node_id_911","""5790970"""
"node_id_2430","node_id_3779","""5791112"""
"node_id_2430","node_id_3542","""5791143"""
"node_id_2430","node_id_3506","""5791160"""
"node_id_2430","node_id_3723","""5791265"""
"node_id_2430","node_id_1982","""5791603"""
"node_id_1218","node_id_836","""5797888"""
"node_id_1647","node_id_2607","""5832406"""
"node_id_1647","node_id_1199","""5833267"""
"node_id_2320","node_id_3040","""5838314"""
"node_id_3051","node_id_2623","""5864123"""
"node_id_3051","node_id_1246","""5864146"""
"node_id_3051","node_id_218","""5864203"""
"node_id_3051","node_id_2844","""5864323"""
"node_id_3051","node_id_3110","""5864621"""
"node_id_3051","node_id_1637","""5864897"""
"node_id_715","node_id_3257","""5865837"""
"node_id_2138","node_id_4450","""5871020"""
"node_id_2138","node_id_3835","""5871129"""
"node_id_2138","node_id_3749","""5871133"""
"node_id_763","node_id_3073","""5879524"""
"node_id_763","node_id_2186","""5879529"""
"node_id_763","node_id_2593","""5879563"""
"node_id_763","node_id_3086","""5879882"""
"node_id_1595","node_id_1915","""5894633"""
"node_id_1595","node_id_3726","""5894708"""
"node_id_1595","node_id_2769","""5895344"""
"node_id_157","node_id_814","""5900775"""
"node_id_3257","node_id_715","""5908802"""
"node_id_1167","node_id_972","""5909518"""
"node_id_1687","node_id_1936","""5911724"""
"node_id_534","node_id_990","""5915573"""
"node_id_534","node_id_618","""5915646"""
"node_id_2086","node_id_871","""5920105"""
"node_id_2086","node_id_1056","""5920242"""
"node_id_2086","node_id_2590","""5920485"""
"node_id_2086","node_id_1036","""5920698"""
"node_id_2086","node_id_915","""5921263"""
"node_id_321","node_id_1344","""5933160"""
"node_id_321","node_id_3590","""5933391"""
"node_id_1208","node_id_870","""5957986"""
"node_id_3116","node_id_1115","""5978107"""
"node_id_3116","node_id_1890","""5978126"""
"node_id_3116","node_id_2829","""5979074"""
"node_id_999","node_id_3030","""5989530"""
"node_id_1814","node_id_2830","""6040903"""
"node_id_1814","node_id_3043","""6040931"""
"node_id_1814","node_id_1284","""6040932"""
"node_id_1814","node_id_1921","""6041002"""
"node_id_1814","node_id_1251","""6041039"""
"node_id_1814","node_id_3742","""6041061"""
"node_id_1814","node_id_3630","""6041201"""
"node_id_1814","node_id_2590","""6041461"""
"node_id_1814","node_id_3233","""6041528"""
"node_id_1814","node_id_4291","""6041536"""
"node_id_1814","node_id_4165","""6041561"""
"node_id_1814","node_id_968","""6041654"""
"node_id_1814","node_id_2994","""6041682"""
"node_id_1814","node_id_3429","""6041994"""
"node_id_1814","node_id_349","""6042062"""
"node_id_3460","node_id_1517","""6042673"""
"node_id_2130","node_id_2213","""6043916"""
"node_id_2130","node_id_4125","""6044070"""
"node_id_2130","node_id_1515","""6044286"""
"node_id_3734","node_id_911","""6044864"""
"node_id_2052","node_id_3479","""6051277"""
"node_id_2052","node_id_3308","""6052388"""
"node_id_678","node_id_2241","""6057109"""
"node_id_899","node_id_397","""6060754"""
"node_id_1826","node_id_2811","""6072582"""
"node_id_1826","node_id_1623","""6072895"""
"node_id_3365","node_id_3702","""6087106"""
"node_id_2337","node_id_2268","""6090718"""
"node_id_2337","node_id_1121","""6092560"""
"node_id_2337","node_id_3449","""6092812"""
"node_id_2337","node_id_2392","""6092915"""
"node_id_2807","node_id_1693","""6097167"""
"node_id_3466","node_id_4078","""6099613"""
"node_id_2960","node_id_146","""6102516"""
"node_id_2960","node_id_1421","""6103125"""
"node_id_940","node_id_1420","""6117649"""
"node_id_4216","node_id_4127","""6127148"""
"node_id_4216","node_id_1712","""6127280"""
"node_id_4216","node_id_2399","""6128211"""
"node_id_2257","node_id_4183","""6132066"""
"node_id_2257","node_id_4441","""6132535"""
"node_id_235","node_id_2590","""6136700"""
"node_id_235","node_id_1036","""6137123"""
"node_id_2449","node_id_892","""6141789"""
"node_id_2449","node_id_213","""6142769"""
"node_id_2449","node_id_151","""6143164"""
"node_id_3835","node_id_2138","""6144211"""
"node_id_3835","node_id_4450","""6144264"""
"node_id_3835","node_id_3749","""6144327"""
"node_id_374","node_id_2636","""6147957"""
"node_id_624","node_id_841","""6162106"""
"node_id_531","node_id_44","""6216416"""
"node_id_2067","node_id_4444","""6248584"""
"node_id_2067","node_id_3254","""6248586"""
"node_id_2067","node_id_2828","""6248598"""
"node_id_2067","node_id_2935","""6249041"""
"node_id_1013","node_id_4175","""6255602"""
"node_id_1013","node_id_3558","""6255753"""
"node_id_1013","node_id_696","""6255842"""
"node_id_1013","node_id_2792","""6255904"""
"node_id_1013","node_id_2062","""6255925"""
"node_id_1013","node_id_905","""6256006"""
"node_id_512","node_id_3524","""6264667"""
"node_id_512","node_id_3147","""6265238"""
"node_id_512","node_id_174","""6266023"""
"node_id_512","node_id_1108","""6266163"""
"node_id_512","node_id_551","""6266251"""
"node_id_3659","node_id_2376","""6276322"""
"node_id_3661","node_id_3490","""6284115"""
"node_id_1978","node_id_775","""6290562"""
"node_id_1978","node_id_1611","""6291491"""
"node_id_1978","node_id_2037","""6292290"""
"node_id_1978","node_id_3540","""6293427"""
"node_id_1978","node_id_807","""6293573"""
"node_id_1978","node_id_3219","""6293741"""
"node_id_3967","node_id_384","""6294400"""
"node_id_1115","node_id_1890","""6314392"""
"node_id_1115","node_id_72","""6314450"""
"node_id_1115","node_id_1879","""6314453"""
"node_id_1115","node_id_4350","""6314603"""
"node_id_1115","node_id_1804","""6314657"""
"node_id_1115","node_id_4093","""6314891"""
"node_id_1115","node_id_2103","""6315529"""
"node_id_1115","node_id_4299","""6315682"""
"node_id_1115","node_id_571","""6315816"""
"node_id_1115","node_id_3116","""6315923"""
"node_id_1115","node_id_2829","""6315929"""
"node_id_2769","node_id_1915","""6324285"""
"node_id_2769","node_id_3726","""6324309"""
"node_id_2769","node_id_1306","""6324647"""
"node_id_2769","node_id_1595","""6324870"""
"node_id_4093","node_id_1115","""6350600"""
"node_id_4093","node_id_4350","""6350754"""
"node_id_1964","node_id_3856","""6357214"""
"node_id_1964","node_id_3720","""6357255"""
"node_id_1964","node_id_261","""6357725"""
"node_id_1964","node_id_1001","""6357785"""
"node_id_1964","node_id_2375","""6357885"""
"node_id_1964","node_id_786","""6358497"""
"node_id_2547","node_id_2590","""6362529"""
"node_id_2547","node_id_3233","""6362581"""
"node_id_3266","node_id_1053","""6374404"""
"node_id_1726","node_id_1037","""6379798"""
"node_id_4151","node_id_2593","""6387312"""
"node_id_1322","node_id_3589","""6395865"""
"node_id_911","node_id_3734","""6410160"""
"node_id_911","node_id_3022","""6410215"""
"node_id_911","node_id_3203","""6410637"""
"node_id_911","node_id_1429","""6410647"""
"node_id_911","node_id_2430","""6410910"""
"node_id_911","node_id_3506","""6410936"""
"node_id_911","node_id_2674","""6411249"""
"node_id_911","node_id_1982","""6411619"""
"node_id_911","node_id_4332","""6411805"""
"node_id_1518","node_id_4209","""6413856"""
"node_id_3008","node_id_4313","""6418378"""
"node_id_3008","node_id_3984","""6418382"""
"node_id_1906","node_id_822","""6418551"""
"node_id_1906","node_id_3609","""6418556"""
"node_id_1906","node_id_4249","""6418713"""
"node_id_1906","node_id_811","""6418742"""
"node_id_1906","node_id_3919","""6418773"""
"node_id_1906","node_id_4012","""6418798"""
"node_id_1906","node_id_3924","""6418859"""
"node_id_1906","node_id_1219","""6418860"""
"node_id_1906","node_id_168","""6418894"""
"node_id_1906","node_id_1709","""6418974"""
"node_id_1906","node_id_1708","""6419035"""
"node_id_1906","node_id_4423","""6419086"""
"node_id_1906","node_id_1573","""6419237"""
"node_id_1906","node_id_3878","""6419263"""
"node_id_1906","node_id_2717","""6419336"""
"node_id_1906","node_id_4336","""6419344"""
"node_id_1906","node_id_3415","""6419392"""
"node_id_4020","node_id_3686","""6429589"""
"node_id_4020","node_id_2582","""6430317"""
"node_id_1556","node_id_4414","""6462553"""
"node_id_1556","node_id_1068","""6462759"""
"node_id_1556","node_id_4241","""6462839"""
"node_id_1556","node_id_1681","""6463190"""
"node_id_1556","node_id_3931","""6463267"""
"node_id_1556","node_id_3062","""6464663"""
"node_id_260","node_id_4390","""6470253"""
"node_id_260","node_id_2234","""6470503"""
"node_id_260","node_id_2928","""6470639"""
"node_id_260","node_id_3446","""6470712"""
"node_id_260","node_id_3331","""6470897"""
"node_id_4135","node_id_549","""6477494"""
"node_id_4135","node_id_1052","""6477636"""
"node_id_4135","node_id_1943","""6477744"""
"node_id_4135","node_id_1159","""6477786"""
"node_id_4135","node_id_3668","""6477799"""
"node_id_1872","node_id_1994","""6484150"""
"node_id_613","node_id_989","""6485766"""
"node_id_769","node_id_2570","""6486547"""
"node_id_1830","node_id_989","""6487237"""
"node_id_2976","node_id_2990","""6501658"""
"node_id_2976","node_id_2215","""6502060"""
"node_id_786","node_id_1964","""6535540"""
"node_id_786","node_id_261","""6535916"""
"node_id_2782","node_id_2667","""6578856"""
"node_id_2782","node_id_3547","""6578859"""
"node_id_4007","node_id_2535","""6588709"""
"node_id_3725","node_id_2842","""6590866"""
"node_id_3629","node_id_3739","""6595181"""
"node_id_2037","node_id_1978","""6599510"""
"node_id_3823","node_id_4036","""6618875"""
"node_id_3823","node_id_638","""6618992"""
"node_id_1124","node_id_805","""6629201"""
"node_id_1124","node_id_3398","""6629536"""
"node_id_4018","node_id_773","""6630097"""
"node_id_3718","node_id_323","""6647550"""
"node_id_181","node_id_2467","""6649517"""
"node_id_4293","node_id_3805","""6668259"""
"node_id_4293","node_id_2739","""6668268"""
"node_id_4293","node_id_3701","""6668529"""
"node_id_4293","node_id_1002","""6668562"""
"node_id_602","node_id_2055","""6724265"""
"node_id_602","node_id_1626","""6724645"""
"node_id_602","node_id_380","""6724829"""
"node_id_602","node_id_2234","""6724840"""
"node_id_602","node_id_3442","""6725255"""
"node_id_602","node_id_3331","""6725590"""
"node_id_218","node_id_2623","""6728993"""
"node_id_218","node_id_1246","""6729031"""
"node_id_218","node_id_2844","""6729304"""
"node_id_218","node_id_3051","""6729336"""
"node_id_218","node_id_3110","""6729785"""
"node_id_218","node_id_1637","""6730261"""
"node_id_4165","node_id_3043","""6738073"""
"node_id_4165","node_id_1284","""6738074"""
"node_id_4165","node_id_1921","""6738115"""
"node_id_4165","node_id_1251","""6738138"""
"node_id_4165","node_id_3742","""6738155"""
"node_id_4165","node_id_3630","""6738262"""
"node_id_4165","node_id_2590","""6738468"""
"node_id_4165","node_id_3233","""6738517"""
"node_id_4165","node_id_4291","""6738525"""
"node_id_4165","node_id_968","""6738603"""
"node_id_4165","node_id_2994","""6738617"""
"node_id_4165","node_id_1814","""6738772"""
"node_id_4165","node_id_3429","""6738814"""
"node_id_4165","node_id_349","""6738860"""
"node_id_408","node_id_1967","""6742882"""
"node_id_408","node_id_2326","""6743704"""
"node_id_3254","node_id_2067","""6758508"""
"node_id_3254","node_id_4444","""6758920"""
"node_id_3254","node_id_2935","""6759352"""
"node_id_1653","node_id_3275","""6784769"""
"node_id_1653","node_id_904","""6785645"""
"node_id_402","node_id_775","""6794730"""
"node_id_3233","node_id_3043","""6815457"""
"node_id_3233","node_id_1284","""6815458"""
"node_id_3233","node_id_3477","""6815783"""
"node_id_3233","node_id_2547","""6815885"""
"node_id_3233","node_id_2590","""6815914"""
"node_id_3233","node_id_4291","""6815985"""
"node_id_3233","node_id_4165","""6816007"""
"node_id_3233","node_id_968","""6816080"""
"node_id_3233","node_id_2994","""6816099"""
"node_id_3233","node_id_1814","""6816259"""
"node_id_3233","node_id_3429","""6816310"""
"node_id_3635","node_id_3778","""6832187"""
"node_id_3635","node_id_2813","""6832503"""
"node_id_4012","node_id_822","""6848434"""
"node_id_4012","node_id_3609","""6848446"""
"node_id_4012","node_id_4249","""6848682"""
"node_id_4012","node_id_811","""6848718"""
"node_id_4012","node_id_3919","""6848765"""
"node_id_4012","node_id_3924","""6848891"""
"node_id_4012","node_id_1219","""6848892"""
"node_id_4012","node_id_168","""6848928"""
"node_id_4012","node_id_1709","""6849052"""
"node_id_4012","node_id_1906","""6849056"""
"node_id_4012","node_id_1708","""6849122"""
"node_id_4012","node_id_4423","""6849191"""
"node_id_4012","node_id_2012","""6849228"""
"node_id_4012","node_id_1573","""6849398"""
"node_id_4012","node_id_3878","""6849447"""
"node_id_4012","node_id_252","""6849538"""
"node_id_4012","node_id_4336","""6849564"""
"node_id_4012","node_id_3415","""6849630"""
"node_id_761","node_id_654","""6855667"""
"node_id_761","node_id_1627","""6856201"""
"node_id_761","node_id_401","""6856349"""
"node_id_3726","node_id_1595","""6866430"""
"node_id_3726","node_id_2769","""6866839"""
"node_id_1448","node_id_2659","""6924184"""
"node_id_3337","node_id_466","""6946934"""
"node_id_3337","node_id_3491","""6946948"""
"node_id_1263","node_id_3477","""6997107"""
"node_id_1420","node_id_1116","""7027170"""
"node_id_1420","node_id_940","""7029442"""
"node_id_2590","node_id_1175","""7063454"""
"node_id_2590","node_id_3043","""7063489"""
"node_id_2590","node_id_1801","""7063588"""
"node_id_2590","node_id_2796","""7063603"""
"node_id_2590","node_id_3742","""7063614"""
"node_id_2590","node_id_3630","""7063735"""
"node_id_2590","node_id_3705","""7063753"""
"node_id_2590","node_id_3349","""7063958"""
"node_id_2590","node_id_3233","""7064045"""
"node_id_2590","node_id_4291","""7064055"""
"node_id_2590","node_id_235","""7064071"""
"node_id_2590","node_id_968","""7064162"""
"node_id_2590","node_id_1036","""7064338"""
"node_id_2590","node_id_1814","""7064397"""
"node_id_2590","node_id_3429","""7064454"""
"node_id_2590","node_id_349","""7064497"""
"node_id_2590","node_id_3866","""7064571"""
"node_id_2590","node_id_2830","""7064616"""
"node_id_2590","node_id_1284","""7064649"""
"node_id_2590","node_id_1921","""7064706"""
"node_id_2590","node_id_1251","""7064745"""
"node_id_2590","node_id_1866","""7064750"""
"node_id_2590","node_id_4202","""7064862"""
"node_id_2590","node_id_3477","""7065033"""
"node_id_2590","node_id_2547","""7065121"""
"node_id_2590","node_id_915","""7065138"""
"node_id_2590","node_id_4165","""7065227"""
"node_id_2590","node_id_2086","""7065234"""
"node_id_2590","node_id_2994","""7065307"""
"node_id_2590","node_id_3086","""7065472"""
"node_id_2590","node_id_2510","""7065481"""
"node_id_2590","node_id_1779","""7065482"""
"node_id_2590","node_id_2281","""7065500"""
"node_id_2590","node_id_1405","""7065524"""
"node_id_2590","node_id_3167","""7065536"""
"node_id_1584","node_id_3864","""7075182"""
"node_id_1584","node_id_3873","""7075834"""
"node_id_1584","node_id_3477","""7075958"""
"node_id_1421","node_id_109","""7102027"""
"node_id_1421","node_id_2960","""7102351"""
"node_id_1421","node_id_3269","""7102608"""
"node_id_2673","node_id_174","""7140322"""
"node_id_4450","node_id_3835","""7157908"""
"node_id_4450","node_id_3749","""7157915"""
"node_id_4450","node_id_2138","""7157973"""
"node_id_590","node_id_3558","""7180516"""
"node_id_1623","node_id_1826","""7184070"""
"node_id_1623","node_id_3511","""7184524"""
"node_id_1623","node_id_2554","""7185595"""
"node_id_1936","node_id_1687","""7230367"""
"node_id_3807","node_id_2932","""7233477"""
"node_id_1435","node_id_2981","""7323297"""
"node_id_445","node_id_523","""7331204"""
"node_id_4414","node_id_1556","""7347439"""
"node_id_4414","node_id_1681","""7347617"""
"node_id_3590","node_id_1344","""7363633"""
"node_id_3590","node_id_321","""7363789"""
"node_id_3590","node_id_2890","""7366260"""
"node_id_3590","node_id_280","""7366327"""
"node_id_4444","node_id_2067","""7376110"""
"node_id_4444","node_id_3254","""7376493"""
"node_id_4444","node_id_2935","""7376898"""
"node_id_3064","node_id_3685","""7379439"""
"node_id_193","node_id_2854","""7388345"""
"node_id_4397","node_id_3447","""7409287"""
"node_id_4404","node_id_2830","""7455122"""
"node_id_4404","node_id_3043","""7455144"""
"node_id_4404","node_id_1284","""7455145"""
"node_id_4404","node_id_3349","""7455539"""
"node_id_4404","node_id_4291","""7455646"""
"node_id_4404","node_id_968","""7455732"""
"node_id_4404","node_id_2510","""7455880"""
"node_id_3571","node_id_887","""7483533"""
"node_id_1669","node_id_1440","""7486892"""
"node_id_3878","node_id_822","""7494496"""
"node_id_3878","node_id_3609","""7494504"""
"node_id_3878","node_id_4249","""7494659"""
"node_id_3878","node_id_811","""7494686"""
"node_id_3878","node_id_3919","""7494715"""
"node_id_3878","node_id_4012","""7494739"""
"node_id_3878","node_id_3924","""7494808"""
"node_id_3878","node_id_1219","""7494809"""
"node_id_3878","node_id_168","""7494834"""
"node_id_3878","node_id_1709","""7494931"""
"node_id_3878","node_id_1906","""7494934"""
"node_id_3878","node_id_1708","""7494984"""
"node_id_3878","node_id_4423","""7495036"""
"node_id_3878","node_id_1573","""7495183"""
"node_id_3878","node_id_2717","""7495285"""
"node_id_3878","node_id_4336","""7495294"""
"node_id_3878","node_id_3415","""7495348"""
"node_id_1014","node_id_386","""7522921"""
"node_id_3854","node_id_525","""7526826"""
"node_id_2373","node_id_3624","""7539049"""
"node_id_4078","node_id_1025","""7549126"""
"node_id_4078","node_id_601","""7549133"""
"node_id_4078","node_id_3466","""7549188"""
"node_id_1663","node_id_1932","""7552816"""
"node_id_3197","node_id_3739","""7590042"""
"node_id_4241","node_id_1068","""7610026"""
"node_id_4241","node_id_1556","""7610138"""
"node_id_4241","node_id_1681","""7610250"""
"node_id_4241","node_id_3931","""7610291"""
"node_id_4241","node_id_3062","""7611015"""
"node_id_1444","node_id_3143","""7629763"""
"node_id_1444","node_id_3455","""7629843"""
"node_id_3246","node_id_3586","""7631676"""
"node_id_3246","node_id_2271","""7632984"""
"node_id_44","node_id_531","""7640479"""
"node_id_3558","node_id_958","""7669172"""
"node_id_3558","node_id_1013","""7669221"""
"node_id_3558","node_id_4175","""7669235"""
"node_id_3558","node_id_696","""7669498"""
"node_id_3558","node_id_2062","""7669576"""
"node_id_3558","node_id_905","""7669653"""
"node_id_3558","node_id_590","""7669678"""
"node_id_3558","node_id_2819","""7669894"""
"node_id_1468","node_id_3203","""7693808"""
"node_id_4313","node_id_3008","""7711177"""
"node_id_2755","node_id_4055","""7757824"""
"node_id_3429","node_id_3043","""7782011"""
"node_id_3429","node_id_1284","""7782012"""
"node_id_3429","node_id_1251","""7782092"""
"node_id_3429","node_id_3742","""7782110"""
"node_id_3429","node_id_3630","""7782219"""
"node_id_3429","node_id_2590","""7782424"""
"node_id_3429","node_id_3233","""7782474"""
"node_id_3429","node_id_4291","""7782482"""
"node_id_3429","node_id_4165","""7782499"""
"node_id_3429","node_id_968","""7782570"""
"node_id_3429","node_id_2994","""7782591"""
"node_id_3429","node_id_1814","""7782774"""
"node_id_4275","node_id_3323","""7815217"""
"node_id_916","node_id_1717","""7829028"""
"node_id_659","node_id_378","""7857008"""
"node_id_188","node_id_1888","""7858159"""
"node_id_3","node_id_2535","""7861444"""
"node_id_3","node_id_4360","""7861538"""
"node_id_1627","node_id_761","""7861888"""
"node_id_1627","node_id_401","""7862404"""
"node_id_3232","node_id_2524","""7888457"""
"node_id_3232","node_id_3751","""7888516"""
"node_id_3232","node_id_1459","""7888556"""
"node_id_3232","node_id_1180","""7888752"""
"node_id_2996","node_id_2156","""7891553"""
"node_id_2278","node_id_2879","""7895498"""
"node_id_3542","node_id_3723","""7908240"""
"node_id_3542","node_id_4156","""7908355"""
"node_id_3542","node_id_2430","""7908721"""
"node_id_887","node_id_3571","""7963373"""
"node_id_3323","node_id_4275","""8000063"""
"node_id_3323","node_id_2444","""8000287"""
"node_id_2180","node_id_656","""8012167"""
"node_id_2180","node_id_2853","""8012563"""
"node_id_581","node_id_2017","""8020833"""
"node_id_581","node_id_868","""8020992"""
"node_id_4360","node_id_3","""8022900"""
"node_id_2397","node_id_2544","""8036817"""
"node_id_2424","node_id_970","""8048143"""
"node_id_144","node_id_4166","""8051714"""
"node_id_144","node_id_4422","""8052177"""
"node_id_144","node_id_2877","""8052774"""
"node_id_280","node_id_1344","""8076138"""
"node_id_280","node_id_3590","""8076313"""
"node_id_4380","node_id_1554","""8083914"""
"node_id_4380","node_id_418","""8083979"""
"node_id_4380","node_id_3536","""8084278"""
"node_id_4380","node_id_3682","""8084368"""
"node_id_4380","node_id_2727","""8084378"""
"node_id_4062","node_id_3857","""8089881"""
"node_id_4062","node_id_3280","""8089916"""
"node_id_4231","node_id_1755","""8120889"""
"node_id_3155","node_id_802","""8131520"""
"node_id_3155","node_id_1362","""8131541"""
"node_id_3155","node_id_3946","""8131625"""
"node_id_3155","node_id_1521","""8132062"""
"node_id_4055","node_id_2755","""8159620"""
"node_id_2949","node_id_2032","""8165588"""
"node_id_2949","node_id_316","""8165624"""
"node_id_2949","node_id_2210","""8165660"""
"node_id_2949","node_id_173","""8165722"""
"node_id_2949","node_id_749","""8165797"""
"node_id_2562","node_id_146","""8169155"""
"node_id_3147","node_id_512","""8195476"""
"node_id_3147","node_id_2926","""8195487"""
"node_id_3147","node_id_1643","""8196654"""
"node_id_3147","node_id_2439","""8196969"""
"node_id_131","node_id_3924","""8200054"""
"node_id_131","node_id_4423","""8200230"""
"node_id_131","node_id_2717","""8200397"""
"node_id_3411","node_id_286","""8210804"""
"node_id_3411","node_id_1648","""8211989"""
"node_id_3411","node_id_655","""8213013"""
"node_id_3411","node_id_2395","""8213171"""
"node_id_3946","node_id_802","""8217924"""
"node_id_3946","node_id_3155","""8218091"""
"node_id_3946","node_id_2636","""8218481"""
"node_id_3946","node_id_1521","""8218674"""
"node_id_2914","node_id_1050","""8219336"""
"node_id_1070","node_id_1708","""8253951"""
"node_id_1070","node_id_2012","""8254038"""
"node_id_1070","node_id_3897","""8254160"""
"node_id_1888","node_id_188","""8260895"""
"node_id_4335","node_id_3203","""8263596"""
"node_id_4335","node_id_2990","""8264341"""
"node_id_4335","node_id_1982","""8265043"""
"node_id_4335","node_id_2237","""8265158"""
"node_id_1890","node_id_1115","""8289944"""
"node_id_1890","node_id_1879","""8289987"""
"node_id_1890","node_id_1804","""8290068"""
"node_id_1890","node_id_3116","""8290569"""
"node_id_1890","node_id_2829","""8290574"""
"node_id_2524","node_id_809","""8300599"""
"node_id_2524","node_id_3232","""8300800"""
"node_id_2524","node_id_2969","""8300978"""
"node_id_2524","node_id_1459","""8301245"""
"node_id_2524","node_id_3213","""8301475"""
"node_id_2524","node_id_2520","""8301564"""
"node_id_2524","node_id_1180","""8301721"""
"node_id_1517","node_id_3460","""8312296"""
"node_id_336","node_id_4187","""8343967"""
"node_id_4120","node_id_3679","""8394101"""
"node_id_2607","node_id_1647","""8396777"""
"node_id_2607","node_id_2627","""8397107"""
"node_id_2607","node_id_1199","""8397549"""
"node_id_2607","node_id_2836","""8397680"""
"node_id_2762","node_id_1221","""8402868"""
"node_id_1712","node_id_4127","""8415070"""
"node_id_1712","node_id_4216","""8415129"""
"node_id_1712","node_id_3203","""8415805"""
"node_id_1712","node_id_2399","""8416042"""
"node_id_1050","node_id_3712","""8436647"""
"node_id_1050","node_id_3253","""8437005"""
"node_id_1050","node_id_4177","""8437290"""
"node_id_1050","node_id_2914","""8437372"""
"node_id_4175","node_id_1013","""8451948"""
"node_id_4175","node_id_3558","""8452083"""
"node_id_4175","node_id_696","""8452188"""
"node_id_4175","node_id_2062","""8452275"""
"node_id_4087","node_id_477","""8462039"""
"node_id_1440","node_id_1835","""8497233"""
"node_id_1440","node_id_1669","""8497512"""
"node_id_2529","node_id_582","""8498669"""
"node_id_2529","node_id_4362","""8499451"""
"node_id_2529","node_id_3827","""8499669"""
"node_id_4125","node_id_2213","""8505125"""
"node_id_4125","node_id_2130","""8505160"""
"node_id_4125","node_id_1515","""8505435"""
"node_id_237","node_id_2727","""8506381"""
"node_id_3030","node_id_999","""8520715"""
"node_id_990","node_id_967","""8589818"""
"node_id_990","node_id_534","""8589910"""
"node_id_0","node_id_950","""8597810"""
"node_id_0","node_id_1384","""8598107"""
"node_id_0","node_id_2082","""8598249"""
"node_id_2551","node_id_477","""8632926"""
"node_id_2551","node_id_2234","""8633010"""
"node_id_2551","node_id_3446","""8633221"""
"node_id_897","node_id_430","""8641788"""
"node_id_2347","node_id_4438","""8644193"""
"node_id_3143","node_id_1444","""8646202"""
"node_id_4355","node_id_1626","""8649606"""
"node_id_3213","node_id_809","""8688312"""
"node_id_3213","node_id_2969","""8688519"""
"node_id_3213","node_id_2524","""8688548"""
"node_id_3213","node_id_2861","""8688623"""
"node_id_3213","node_id_2520","""8688832"""
"node_id_1116","node_id_1420","""8749143"""
"node_id_700","node_id_2344","""8752201"""
"node_id_1121","node_id_2337","""8763627"""
"node_id_2541","node_id_2423","""8789543"""
"node_id_3524","node_id_3767","""8824369"""
"node_id_3524","node_id_512","""8824675"""
"node_id_466","node_id_3337","""8830413"""
"node_id_466","node_id_3491","""8830969"""
"node_id_2459","node_id_1380","""8839230"""
"node_id_3384","node_id_2593","""8855973"""
"node_id_1101","node_id_2467","""8905672"""
"node_id_2640","node_id_2938","""8929211"""
"node_id_2243","node_id_496","""8951162"""
"node_id_1108","node_id_3777","""8965290"""
"node_id_1108","node_id_512","""8965682"""
"node_id_1108","node_id_343","""8965837"""
"node_id_1108","node_id_2956","""8966699"""
"node_id_744","node_id_1461","""8978028"""
"node_id_3959","node_id_3405","""8982981"""
"node_id_3959","node_id_2969","""8982985"""
"node_id_3959","node_id_1861","""8983029"""
"node_id_3272","node_id_324","""8984102"""
"node_id_3272","node_id_2890","""8984405"""
"node_id_3272","node_id_309","""8984437"""
"node_id_3205","node_id_400","""8988735"""
"node_id_3338","node_id_3203","""9022558"""
"node_id_3338","node_id_2877","""9022707"""
"node_id_2324","node_id_2467","""9028616"""
"node_id_1908","node_id_2276","""9030830"""
"node_id_3340","node_id_1025","""9060710"""
"node_id_1485","node_id_3867","""9068115"""
"node_id_3004","node_id_2844","""9108570"""
"node_id_2659","node_id_1448","""9113624"""
"node_id_2659","node_id_174","""9114163"""
"node_id_2659","node_id_3663","""9114518"""
"node_id_1299","node_id_2990","""9122467"""
"node_id_1029","node_id_3727","""9126229"""
"node_id_939","node_id_945","""9138090"""
"node_id_939","node_id_1972","""9138354"""
"node_id_332","node_id_3447","""9155667"""
"node_id_4002","node_id_3679","""9175655"""
"node_id_988","node_id_264","""9177332"""
"node_id_988","node_id_1325","""9178263"""
"node_id_2537","node_id_1258","""9179726"""
"node_id_4075","node_id_174","""9180712"""
"node_id_4075","node_id_1511","""9180714"""
"node_id_4075","node_id_1047","""9181059"""
"node_id_4075","node_id_3766","""9181274"""
"node_id_1036","node_id_871","""9181899"""
"node_id_1036","node_id_1056","""9182063"""
"node_id_1036","node_id_2590","""9182340"""
"node_id_1036","node_id_235","""9182400"""
"node_id_1036","node_id_915","""9183251"""
"node_id_1036","node_id_2086","""9183335"""
"node_id_318","node_id_1626","""9185254"""
"node_id_1012","node_id_2990","""9200381"""
"node_id_1085","node_id_1436","""9203613"""
"node_id_1159","node_id_549","""9211533"""
"node_id_1159","node_id_3880","""9211769"""
"node_id_1159","node_id_3668","""9211775"""
"node_id_1159","node_id_4135","""9211799"""
"node_id_1159","node_id_1052","""9211908"""
"node_id_1159","node_id_4212","""9211958"""
"node_id_1159","node_id_1943","""9211996"""
"node_id_1159","node_id_2836","""9212050"""
"node_id_1338","node_id_950","""9234965"""
"node_id_707","node_id_327","""9279176"""
"node_id_1251","node_id_3043","""9312832"""
"node_id_1251","node_id_1284","""9312833"""
"node_id_1251","node_id_3742","""9312961"""
"node_id_1251","node_id_2590","""9313369"""
"node_id_1251","node_id_4291","""9313444"""
"node_id_1251","node_id_4165","""9313460"""
"node_id_1251","node_id_968","""9313544"""
"node_id_1251","node_id_1814","""9313808"""
"node_id_1251","node_id_3429","""9313864"""
"node_id_1251","node_id_349","""9313921"""
"node_id_1370","node_id_4016","""9314347"""
"node_id_1370","node_id_4033","""9314351"""
"node_id_1370","node_id_4045","""9314541"""
"node_id_3777","node_id_1108","""9362071"""
"node_id_378","node_id_659","""9395861"""
"node_id_430","node_id_897","""9399229"""
"node_id_233","node_id_400","""9409645"""
"node_id_1138","node_id_2928","""9411604"""
"node_id_1138","node_id_4390","""9411636"""
"node_id_1138","node_id_2234","""9411977"""
"node_id_4349","node_id_3275","""9432259"""
"node_id_4349","node_id_2803","""9432592"""
"node_id_2761","node_id_2565","""9436716"""
"node_id_547","node_id_1215","""9454786"""
"node_id_2202","node_id_2926","""9455797"""
"node_id_2202","node_id_1643","""9456519"""
"node_id_4291","node_id_3043","""9468555"""
"node_id_4291","node_id_3632","""9468569"""
"node_id_4291","node_id_1801","""9468633"""
"node_id_4291","node_id_3742","""9468664"""
"node_id_4291","node_id_4404","""9468759"""
"node_id_4291","node_id_3630","""9468774"""
"node_id_4291","node_id_3349","""9468968"""
"node_id_4291","node_id_2590","""9469001"""
"node_id_4291","node_id_3233","""9469050"""
"node_id_4291","node_id_968","""9469143"""
"node_id_4291","node_id_1814","""9469368"""
"node_id_4291","node_id_3429","""9469423"""
"node_id_4291","node_id_349","""9469480"""
"node_id_4291","node_id_3727","""9469486"""
"node_id_4291","node_id_2830","""9469593"""
"node_id_4291","node_id_1284","""9469617"""
"node_id_4291","node_id_1921","""9469671"""
"node_id_4291","node_id_1251","""9469705"""
"node_id_4291","node_id_4165","""9470153"""
"node_id_4291","node_id_2994","""9470245"""
"node_id_4291","node_id_3436","""9470364"""
"node_id_4291","node_id_2510","""9470401"""
"node_id_1325","node_id_988","""9482811"""
"node_id_1325","node_id_1634","""9482855"""
"node_id_1114","node_id_970","""9503016"""
"node_id_1540","node_id_2055","""9533329"""
"node_id_1540","node_id_3442","""9533500"""
"node_id_1540","node_id_1626","""9533713"""
"node_id_1540","node_id_3331","""9533831"""
"node_id_1540","node_id_380","""9533890"""
"node_id_3159","node_id_1044","""9559658"""
"node_id_3159","node_id_11","""9560500"""
"node_id_3159","node_id_3227","""9560887"""
"node_id_3897","node_id_822","""9579124"""
"node_id_3897","node_id_1709","""9579619"""
"node_id_3897","node_id_1708","""9579673"""
"node_id_3897","node_id_252","""9579996"""
"node_id_3897","node_id_1070","""9580144"""
"node_id_2460","node_id_895","""9593808"""
"node_id_2418","node_id_2213","""9669454"""
"node_id_2109","node_id_1511","""9670724"""
"node_id_2109","node_id_3766","""9671294"""
"node_id_2467","node_id_4061","""9680236"""
"node_id_2467","node_id_1101","""9680973"""
"node_id_2467","node_id_181","""9681339"""
"node_id_2467","node_id_572","""9681737"""
"node_id_2467","node_id_3358","""9682281"""
"node_id_2467","node_id_942","""9682823"""
"node_id_2467","node_id_2324","""9683485"""
"node_id_523","node_id_445","""9685368"""
"node_id_2231","node_id_796","""9720053"""
"node_id_3607","node_id_2759","""9722013"""
"node_id_3447","node_id_332","""9723378"""
"node_id_3447","node_id_4397","""9723762"""
"node_id_3447","node_id_3071","""9723939"""
"node_id_1637","node_id_1246","""9733965"""
"node_id_1637","node_id_218","""9734007"""
"node_id_1637","node_id_3110","""9734359"""
"node_id_1637","node_id_2623","""9734954"""
"node_id_1637","node_id_2844","""9735116"""
"node_id_1637","node_id_3051","""9735135"""
"node_id_868","node_id_1935","""9740192"""
"node_id_868","node_id_581","""9740218"""
"node_id_868","node_id_3275","""9740267"""
"node_id_868","node_id_3962","""9740270"""
"node_id_2186","node_id_763","""9758704"""
"node_id_2186","node_id_2593","""9758944"""
"node_id_4350","node_id_1115","""9789786"""
"node_id_4350","node_id_4093","""9790093"""
"node_id_1718","node_id_324","""9806660"""
"node_id_1573","node_id_822","""9813489"""
"node_id_1573","node_id_3609","""9813492"""
"node_id_1573","node_id_4249","""9813621"""
"node_id_1573","node_id_811","""9813641"""
"node_id_1573","node_id_3919","""9813665"""
"node_id_1573","node_id_4012","""9813681"""
"node_id_1573","node_id_3924","""9813735"""
"node_id_1573","node_id_168","""9813760"""
"node_id_1573","node_id_1709","""9813837"""
"node_id_1573","node_id_1906","""9813839"""
"node_id_1573","node_id_1708","""9813884"""
"node_id_1573","node_id_4423","""9813926"""
"node_id_1573","node_id_3878","""9814062"""
"node_id_1573","node_id_2717","""9814118"""
"node_id_1573","node_id_4336","""9814124"""
"node_id_1573","node_id_3415","""9814159"""
"node_id_1511","node_id_4075","""9819440"""
"node_id_1511","node_id_3643","""9820014"""
"node_id_1511","node_id_2109","""9821671"""
"node_id_1227","node_id_1311","""9846872"""
"node_id_1227","node_id_1429","""9847166"""
"node_id_1227","node_id_1851","""9847174"""
"node_id_1227","node_id_1534","""9847559"""
"node_id_1227","node_id_2345","""9847896"""
"node_id_3585","node_id_2121","""9910678"""
"node_id_109","node_id_1421","""9926897"""
"node_id_796","node_id_2231","""9930052"""
"node_id_778","node_id_2271","""9937117"""
"node_id_2897","node_id_2800","""9956643"""
"node_id_2897","node_id_3972","""9956780"""
"node_id_1693","node_id_2807","""9973385"""
"node_id_3490","node_id_3661","""9975738"""
"node_id_549","node_id_1052","""10026608"""
"node_id_549","node_id_1943","""10026715"""
"node_id_549","node_id_1159","""10026767"""
"node_id_549","node_id_3668","""10026785"""
"node_id_549","node_id_4135","""10026823"""
"node_id_2121","node_id_3585","""10045588"""
"node_id_2121","node_id_1636","""10045875"""
"node_id_4212","node_id_3668","""10054203"""
"node_id_4212","node_id_1943","""10054372"""
"node_id_4212","node_id_1159","""10054403"""
"node_id_2828","node_id_3867","""10071276"""
"node_id_2828","node_id_2067","""10071606"""
"node_id_2241","node_id_678","""10080748"""
"node_id_2796","node_id_2590","""10081580"""
"node_id_3787","node_id_930","""10112931"""
"node_id_832","node_id_3117","""10141078"""
"node_id_3805","node_id_1002","""10144045"""
"node_id_3805","node_id_4293","""10144117"""
"node_id_3805","node_id_2739","""10144138"""
"node_id_2363","node_id_3712","""10151054"""
"node_id_2363","node_id_662","""10151125"""
"node_id_2363","node_id_3335","""10151143"""
"node_id_2363","node_id_2816","""10151361"""
"node_id_2363","node_id_3253","""10151374"""
"node_id_2877","node_id_2074","""10182143"""
"node_id_2877","node_id_3338","""10182168"""
"node_id_2877","node_id_3203","""10182811"""
"node_id_2877","node_id_4166","""10183617"""
"node_id_2877","node_id_2990","""10183618"""
"node_id_2877","node_id_144","""10183708"""
"node_id_2401","node_id_2372","""10204725"""
"node_id_3686","node_id_4020","""10210389"""
"node_id_1657","node_id_1463","""10228135"""
"node_id_1749","node_id_930","""10255097"""
"node_id_1932","node_id_1663","""10274958"""
"node_id_1932","node_id_2192","""10275022"""
"node_id_1932","node_id_2396","""10275024"""
"node_id_1932","node_id_480","""10275081"""
"node_id_1932","node_id_2821","""10275195"""
"node_id_4127","node_id_4216","""10281642"""
"node_id_4127","node_id_1712","""10281672"""
"node_id_4127","node_id_2399","""10282053"""
"node_id_3701","node_id_4293","""10329771"""
"node_id_3052","node_id_3110","""10338806"""
"node_id_316","node_id_2949","""10351944"""
"node_id_316","node_id_2032","""10352162"""
"node_id_316","node_id_2210","""10352242"""
"node_id_316","node_id_173","""10352343"""
"node_id_316","node_id_749","""10352448"""
"node_id_4177","node_id_3203","""10366717"""
"node_id_4177","node_id_1050","""10366792"""
"node_id_4177","node_id_1257","""10366977"""
"node_id_4177","node_id_1982","""10367306"""
"node_id_380","node_id_2055","""10376639"""
"node_id_380","node_id_1626","""10376847"""
"node_id_380","node_id_602","""10376928"""
"node_id_380","node_id_1540","""10376986"""
"node_id_380","node_id_2854","""10377130"""
"node_id_380","node_id_3442","""10377179"""
"node_id_380","node_id_3331","""10377377"""
"node_id_1638","node_id_1521","""10393299"""
"node_id_4310","node_id_1617","""10396764"""
"node_id_288","node_id_170","""10406468"""
"node_id_2544","node_id_2397","""10418385"""
"node_id_2156","node_id_2996","""10420736"""
"node_id_2726","node_id_3720","""10420861"""
"node_id_2726","node_id_2836","""10421856"""
"node_id_2520","node_id_809","""10425484"""
"node_id_2520","node_id_2969","""10425679"""
"node_id_2520","node_id_2524","""10425699"""
"node_id_2520","node_id_3213","""10425910"""
"node_id_4038","node_id_1975","""10438764"""
"node_id_1547","node_id_2766","""10444818"""
"node_id_1052","node_id_549","""10471521"""
"node_id_1052","node_id_3668","""10471740"""
"node_id_1052","node_id_4135","""10471762"""
"node_id_1052","node_id_1943","""10471918"""
"node_id_1052","node_id_1159","""10471945"""
"node_id_3663","node_id_464","""10482056"""
"node_id_3663","node_id_2659","""10482564"""
"node_id_1499","node_id_3767","""10511840"""
"node_id_3477","node_id_2590","""10518432"""
"node_id_3477","node_id_3233","""10518507"""
"node_id_3477","node_id_3873","""10519764"""
"node_id_3477","node_id_1584","""10519790"""
"node_id_3477","node_id_1263","""10520917"""
"node_id_3657","node_id_4390","""10533438"""
"node_id_3657","node_id_2302","""10534163"""
"node_id_3679","node_id_3521","""10542057"""
"node_id_3679","node_id_4120","""10542837"""
"node_id_3679","node_id_4002","""10543512"""
"node_id_3275","node_id_1653","""10553850"""
"node_id_3275","node_id_868","""10554531"""
"node_id_3275","node_id_4349","""10554554"""
"node_id_3275","node_id_904","""10554808"""
"node_id_4033","node_id_4016","""10557935"""
"node_id_4033","node_id_4045","""10558086"""
"node_id_4033","node_id_1370","""10558136"""
"node_id_3880","node_id_3668","""10572689"""
"node_id_3880","node_id_1943","""10572829"""
"node_id_3880","node_id_1159","""10572854"""
"node_id_3442","node_id_3331","""10577154"""
"node_id_3442","node_id_2055","""10577318"""
"node_id_3442","node_id_1626","""10577543"""
"node_id_3442","node_id_602","""10577625"""
"node_id_3442","node_id_380","""10577651"""
"node_id_3442","node_id_1540","""10577685"""
"node_id_1715","node_id_2593","""10608421"""
"node_id_1715","node_id_3086","""10608845"""
"node_id_1037","node_id_1726","""10616206"""
"node_id_2160","node_id_4167","""10619313"""
"node_id_2160","node_id_1980","""10619973"""
"node_id_2570","node_id_769","""10636609"""
"node_id_3910","node_id_1520","""10656089"""
"node_id_3893","node_id_1042","""10661206"""
"node_id_1436","node_id_1085","""10662908"""
"node_id_3857","node_id_4062","""10666313"""
"node_id_1175","node_id_2590","""10682700"""
"node_id_3110","node_id_1735","""10719221"""
"node_id_3110","node_id_2463","""10719420"""
"node_id_3110","node_id_1246","""10719444"""
"node_id_3110","node_id_1898","""10719449"""
"node_id_3110","node_id_218","""10719501"""
"node_id_3110","node_id_1416","""10719627"""
"node_id_3110","node_id_2849","""10720090"""
"node_id_3110","node_id_3263","""10720251"""
"node_id_3110","node_id_1637","""10720416"""
"node_id_3110","node_id_4333","""10720569"""
"node_id_3110","node_id_3051","""10721367"""
"node_id_3110","node_id_1377","""10721562"""
"node_id_3110","node_id_3052","""10722208"""
"node_id_1783","node_id_614","""10724981"""
"node_id_4156","node_id_2430","""10744411"""
"node_id_4156","node_id_3542","""10744418"""
"node_id_4156","node_id_3723","""10744536"""
"node_id_950","node_id_1338","""10774909"""
"node_id_950","node_id_0","""10775938"""
"node_id_950","node_id_1384","""10775964"""
"node_id_950","node_id_3242","""10776040"""
"node_id_3366","node_id_829","""10782707"""
"node_id_3366","node_id_4441","""10782804"""
"node_id_3366","node_id_3751","""10782886"""
"node_id_3366","node_id_1520","""10783232"""
"node_id_2062","node_id_1013","""10794289"""
"node_id_2062","node_id_4175","""10794301"""
"node_id_2062","node_id_3558","""10794458"""
"node_id_2062","node_id_905","""10794734"""
"node_id_2062","node_id_2819","""10794963"""
"node_id_2565","node_id_2761","""10800498"""
"node_id_2842","node_id_3725","""10813084"""
"node_id_1430","node_id_3600","""10829677"""
"node_id_1430","node_id_1297","""10830154"""
"node_id_1430","node_id_1464","""10830281"""
"node_id_2350","node_id_1219","""10831952"""
"node_id_2350","node_id_2012","""10832186"""
"node_id_1226","node_id_1710","""10870528"""
"node_id_2811","node_id_1826","""10876019"""
"node_id_2811","node_id_3749","""10876258"""
"node_id_3423","node_id_3763","""10904876"""
"node_id_1865","node_id_2684","""10908439"""
"node_id_3269","node_id_1421","""10914614"""
"node_id_3280","node_id_4062","""10926043"""
"node_id_1634","node_id_264","""10940199"""
"node_id_1634","node_id_1325","""10940893"""
"node_id_446","node_id_614","""10941928"""
"node_id_323","node_id_3718","""10969106"""
"node_id_3518","node_id_267","""10969573"""
"node_id_3518","node_id_1174","""10970173"""
"node_id_1990","node_id_1617","""10988620"""
"node_id_1935","node_id_3962","""10990307"""
"node_id_1935","node_id_3704","""10990333"""
"node_id_1935","node_id_868","""10991176"""
"node_id_822","node_id_3609","""11001875"""
"node_id_822","node_id_4249","""11002012"""
"node_id_822","node_id_811","""11002036"""
"node_id_822","node_id_3919","""11002062"""
"node_id_822","node_id_4012","""11002085"""
"node_id_822","node_id_3924","""11002135"""
"node_id_822","node_id_168","""11002157"""
"node_id_822","node_id_1709","""11002237"""
"node_id_822","node_id_1906","""11002240"""
"node_id_822","node_id_1708","""11002285"""
"node_id_822","node_id_4423","""11002332"""
"node_id_822","node_id_3897","""11002437"""
"node_id_822","node_id_1573","""11002449"""
"node_id_822","node_id_3878","""11002473"""
"node_id_822","node_id_2717","""11002531"""
"node_id_822","node_id_4336","""11002538"""
"node_id_822","node_id_3415","""11002583"""
"node_id_3043","node_id_2830","""11066671"""
"node_id_3043","node_id_1284","""11066717"""
"node_id_3043","node_id_1921","""11066792"""
"node_id_3043","node_id_1251","""11066836"""
"node_id_3043","node_id_3742","""11066863"""
"node_id_3043","node_id_4404","""11067019"""
"node_id_3043","node_id_3349","""11067340"""
"node_id_3043","node_id_2590","""11067403"""
"node_id_3043","node_id_3233","""11067479"""
"node_id_3043","node_id_4291","""11067494"""
"node_id_3043","node_id_4165","""11067522"""
"node_id_3043","node_id_968","""11067619"""
"node_id_3043","node_id_2994","""11067652"""
"node_id_3043","node_id_3436","""11067817"""
"node_id_3043","node_id_2510","""11067877"""
"node_id_3043","node_id_1814","""11067953"""
"node_id_3043","node_id_3429","""11068035"""
"node_id_3043","node_id_349","""11068105"""
"node_id_3962","node_id_1935","""11115617"""
"node_id_3962","node_id_868","""11115822"""
"node_id_2281","node_id_2590","""11117997"""
"node_id_3242","node_id_950","""11124882"""
"node_id_3345","node_id_573","""11177289"""
"node_id_2593","node_id_4151","""11232514"""
"node_id_2593","node_id_2186","""11232561"""
"node_id_2593","node_id_3384","""11233177"""
"node_id_2593","node_id_1715","""11233207"""
"node_id_2593","node_id_763","""11233235"""
"node_id_2593","node_id_3073","""11233406"""
"node_id_2593","node_id_1140","""11233413"""
"node_id_2593","node_id_3086","""11233717"""
"node_id_3720","node_id_1964","""11235990"""
"node_id_3720","node_id_261","""11236191"""
"node_id_3720","node_id_2726","""11236258"""
"node_id_3720","node_id_2858","""11237012"""
"node_id_3720","node_id_2836","""11237032"""
"node_id_4441","node_id_3366","""11248629"""
"node_id_4441","node_id_829","""11248913"""
"node_id_4441","node_id_3751","""11249038"""
"node_id_4441","node_id_2257","""11249113"""
"node_id_3586","node_id_3246","""11276421"""
"node_id_3586","node_id_3459","""11276565"""
"node_id_2314","node_id_4330","""11298357"""
"node_id_2938","node_id_2640","""11301640"""
"node_id_4299","node_id_1115","""11384935"""
"node_id_2372","node_id_2401","""11391373"""
"node_id_2684","node_id_3385","""11395824"""
"node_id_2684","node_id_3274","""11395856"""
"node_id_2684","node_id_1865","""11396019"""
"node_id_2684","node_id_1652","""11396275"""
"node_id_2684","node_id_1449","""11396283"""
"node_id_286","node_id_3411","""11397088"""
"node_id_1306","node_id_2769","""11460780"""
"node_id_2689","node_id_2146","""11462891"""
"node_id_2689","node_id_3183","""11463456"""
"node_id_2689","node_id_4430","""11464069"""
"node_id_151","node_id_2449","""11473366"""
"node_id_2836","node_id_3720","""11508812"""
"node_id_2836","node_id_2607","""11509029"""
"node_id_2836","node_id_1943","""11509730"""
"node_id_2836","node_id_2726","""11509769"""
"node_id_2836","node_id_1159","""11509827"""
"node_id_2836","node_id_3668","""11510547"""
"node_id_2836","node_id_1199","""11511120"""
"node_id_2836","node_id_2858","""11511270"""
"node_id_814","node_id_157","""11541407"""
"node_id_696","node_id_1013","""11559827"""
"node_id_696","node_id_4175","""11559838"""
"node_id_696","node_id_3558","""11560026"""
"node_id_696","node_id_2792","""11560228"""
"node_id_696","node_id_905","""11560378"""
"node_id_696","node_id_2819","""11560636"""
"node_id_2727","node_id_1554","""11566777"""
"node_id_2727","node_id_418","""11566873"""
"node_id_2727","node_id_3536","""11567329"""
"node_id_2727","node_id_4380","""11567388"""
"node_id_2727","node_id_237","""11567474"""
"node_id_2727","node_id_3682","""11567479"""
"node_id_1898","node_id_3110","""11582130"""
"node_id_4438","node_id_2347","""11615580"""
"node_id_146","node_id_2562","""11643882"""
"node_id_146","node_id_2960","""11644593"""
"node_id_146","node_id_2380","""11644765"""
"node_id_843","node_id_2405","""11659453"""
"node_id_905","node_id_1013","""11662836"""
"node_id_905","node_id_3558","""11662983"""
"node_id_905","node_id_696","""11663067"""
"node_id_905","node_id_2062","""11663128"""
"node_id_4430","node_id_2689","""11701655"""
"node_id_573","node_id_3345","""11707656"""
"node_id_3183","node_id_2689","""11719362"""
"node_id_2634","node_id_3705","""11722512"""
"node_id_2634","node_id_1698","""11722636"""
"node_id_2634","node_id_1866","""11722988"""
"node_id_2634","node_id_4202","""11723050"""
"node_id_2634","node_id_3167","""11723394"""
"node_id_2146","node_id_2689","""11731552"""
"node_id_2935","node_id_2067","""11758768"""
"node_id_2935","node_id_4444","""11758971"""
"node_id_2935","node_id_3254","""11758973"""
